Beneficiary ID,List ID,First Name,Middle Name,Last Name,Ext,Birth Date,Region,Province,City,Barangay,Marital Status
7000000,801004,Shane,D,Mcneil,,1956-05-28,Region X,Misamis Occidental,Tangub City,Lorenzo Tan,Separated
7000001,801004,Andrew,B,Marshall,,1968-08-18,Region X,Misamis Occidental,Tangub City,Poblacion,Single
7000002,801004,Elizabeth,R,Horton,,2003-04-03,Region X,Misamis Occidental,Tangub City,Maloro,Widowed
7000003,801004,Andrew,C,Green,,1989-09-18,Region X,Misamis Occidental,Oroquieta City,Taboc Norte,Married
7000004,801004,Thomas,L,Mckinney,,1988-07-10,Region X,Misamis Occidental,Ozamiz City,Tinago,Separated
7000005,801004,Carl,N,Howard,,1976-02-09,Region X,Misamis Occidental,Oroquieta City,Taboc Norte,Separated
7000006,801004,Christine,S,Hess,,1973-08-28,Region X,Misamis Occidental,Oroquieta City,Taboc Norte,Single
7000007,801004,Amy,S,Mann,,2004-12-13,Region X,Misamis Occidental,Oroquieta City,Taboc Norte,Single
7000008,801004,Charlene,Y,Jackson,,1961-02-26,Region X,Misamis Occidental,Tangub City,Poblacion,Married
7000009,801004,Meghan,P,Perez,,1963-12-08,Region X,Misamis Occidental,Tangub City,Maloro,Single
7000010,801004,Jennifer,B,Harris,Jr.,1977-12-26,Region X,Misamis Occidental,Ozamiz City,Aguada,Widowed
7000011,801004,Megan,J,Boyd,,1963-02-13,Region X,Misamis Occidental,Tangub City,Maloro,Separated
7000012,801004,Allison,J,Roberts,,2006-08-22,Region X,Misamis Occidental,Ozamiz City,Bañadera,Single
7000013,801004,Katherine,C,King,,1980-11-05,Region X,Misamis Occidental,Ozamiz City,Aguada,Separated
7000014,801004,Melinda,W,Patterson,III,1994-08-11,Region X,Misamis Occidental,Oroquieta City,Lower Lamac,Separated
7000015,801004,Joshua,A,Thornton,,1985-03-14,Region X,Misamis Occidental,Tangub City,Lorenzo Tan,Separated
7000016,801004,Samantha,M,Douglas,,1971-10-19,Region X,Misamis Occidental,Ozamiz City,Aguada,Widowed
7000017,801004,Kathryn,,Kelly,,2006-03-23,Region X,Misamis Occidental,Ozamiz City,Aguada,Single
7000018,801004,Jeremy,S,Merritt,,2000-05-01,Region X,Misamis Occidental,Ozamiz City,Baybay San Roque,Widowed
7000019,801004,Kellie,B,Gilbert,,1969-01-21,Region X,Misamis Occidental,Ozamiz City,Aguada,Single
7000020,801004,Patrick,J,Harmon,,1966-10-28,Region X,Misamis Occidental,Oroquieta City,Mobod,Single
7000021,801004,Jennifer,S,Dominguez,,1991-10-13,Region X,Misamis Occidental,Oroquieta City,Lower Lamac,Married
7000022,801004,Valerie,G,Vega,,1995-09-15,Region X,Misamis Occidental,Tangub City,Poblacion,Single
7000023,801004,Jacqueline,R,Jones,,1990-06-26,Region X,Misamis Occidental,Oroquieta City,Taboc Norte,Single
7000024,801004,Ann,J,Robinson,,1980-09-14,Region X,Misamis Occidental,Ozamiz City,Baybay San Roque,Separated
7000025,801004,Thomas,M,Harvey,,1985-02-17,Region X,Misamis Occidental,Tangub City,Mantic,Married
7000026,801004,Melissa,J,Garcia,,2003-02-27,Region X,Misamis Occidental,Ozamiz City,Tinago,Married
7000027,801004,Jeremy,J,Holt,,1984-03-01,Region X,Misamis Occidental,Tangub City,Maloro,Single
7000028,801004,Mary,B,Molina,,2002-01-11,Region X,Misamis Occidental,Oroquieta City,,Single
7000029,801004,Linda,A,Estrada,,1997-11-08,Region X,Misamis Occidental,Oroquieta City,Taboc Norte,Separated
7000030,801004,Julia,A,Wright,,1995-02-27,Region X,Misamis Occidental,Tangub City,Poblacion,Separated
7000031,801004,Laura,J,Robles,,1963-11-24,Region X,Misamis Occidental,Oroquieta City,Dolipos Alto,Widowed
7000032,801004,Alex,P,Rodriguez,,1997-10-12,Region X,Misamis Occidental,Tangub City,Maloro,Widowed
7000033,801004,Frank,T,Aguilar,,1984-04-02,Region X,Misamis Occidental,Ozamiz City,Baybay San Roque,Widowed
7000034,801004,Kelly,T,Smith,,1979-01-05,Region X,Misamis Occidental,Ozamiz City,Baybay San Roque,Single
7000035,801004,Stacey,A,Snyder,,1968-02-24,Region X,Misamis Occidental,Ozamiz City,Baybay San Roque,Separated
7000036,801004,Allison,B,Davis,,1963-01-20,Region X,Misamis Occidental,Oroquieta City,Dolipos Alto,Single
7000037,801004,Kyle,S,Parks,,1998-11-09,Region X,Misamis Occidental,Tangub City,Lorenzo Tan,Single
7000038,801004,Jenna,J,Bullock,,1997-11-03,Region X,Misamis Occidental,Oroquieta City,Lower Lamac,Married
7000039,801004,Duane,H,Tran,,1966-06-25,Region X,Misamis Occidental,Oroquieta City,Lower Lamac,Separated
7000040,801004,George,N,Black,,2001-08-09,Region X,Misamis Occidental,Ozamiz City,Bañadera,Single
7000041,801004,Michael,M,Hayden,,1997-03-25,Region X,Misamis Occidental,Tangub City,Maloro,Single
7000042,801004,Joshua,J,Jordan,,1996-09-07,Region X,Misamis Occidental,Oroquieta City,Taboc Norte,Separated
7000043,801004,Daniel,V,Gonzales,,1965-10-16,Region X,Misamis Occidental,Ozamiz City,Bañadera,Widowed
7000044,801004,Alexander,B,Smith,,1973-12-31,Region X,Misamis Occidental,Ozamiz City,Bañadera,Married
7000045,801004,Brittany,N,Ramirez,III,1989-06-25,Region X,Misamis Occidental,Tangub City,Poblacion,Married
7000046,801004,Todd,L,Rogers,,2001-07-28,Region X,Misamis Occidental,Tangub City,Mantic,Widowed
7000047,801004,Garrett,C,Sampson,,1976-04-08,Region X,Misamis Occidental,Tangub City,Mantic,Separated
7000048,801004,Julie,,Wise,,1974-08-10,Region X,Misamis Occidental,Tangub City,Maloro,Separated
7000049,801004,Pamela,A,Davis,,1987-10-25,Region X,Misamis Occidental,Oroquieta City,Lower Lamac,Married
7000050,801004,Jeffrey,K,Barker,,1989-07-23,Region X,Misamis Occidental,Ozamiz City,Aguada,Single
7000051,801004,Kimberly,R,Taylor,,1994-12-07,Region X,Misamis Occidental,Tangub City,Mantic,Separated
7000052,801004,Kevin,M,Cummings,,1991-03-06,Region X,Misamis Occidental,Ozamiz City,Baybay San Roque,Married
7000053,801004,Hannah,M,Hubbard,,2007-08-24,Region X,Misamis Occidental,Oroquieta City,Dolipos Alto,Widowed
7000054,801004,Michael,J,Smith,,2004-08-24,Region X,Misamis Occidental,Tangub City,Lorenzo Tan,Separated
7000055,801004,Misty,,Shelton,,1997-07-04,Region X,Misamis Occidental,Ozamiz City,Bañadera,Separated
7000056,801004,Nicholas,S,Sandoval,,1971-03-16,Region X,Misamis Occidental,Ozamiz City,Baybay San Roque,Married
7000057,801004,David,E,Bender,,1979-04-17,Region X,Misamis Occidental,Ozamiz City,Tinago,Widowed
7000058,801004,Laura,C,Andrews,,1981-01-06,Region X,Misamis Occidental,Tangub City,Maloro,Single
7000059,801004,Daniel,S,Perry,III,1972-06-23,Region X,Misamis Occidental,Oroquieta City,Lower Lamac,Separated
7000060,801004,Carla,J,Dalton,,1993-04-02,Region X,Misamis Occidental,Ozamiz City,Bañadera,Married
7000061,801004,Amanda,M,Patton,,1995-01-20,Region X,Misamis Occidental,Oroquieta City,Dolipos Alto,Widowed
7000062,801004,Sandra,A,Harris,Sr.,1969-10-03,Region X,Misamis Occidental,Tangub City,Poblacion,Separated
7000063,801004,James,C,Evans,,2005-03-14,Region X,Misamis Occidental,Tangub City,Poblacion,Separated
7000064,801004,Robert,K,Rice,,2000-01-08,Region X,Misamis Occidental,Oroquieta City,Dolipos Alto,Single
7000065,801004,Jeffrey,R,Murray,,1986-08-22,Region X,Misamis Occidental,Ozamiz City,Tinago,Single
7000066,801004,Michael,S,Mckay,,1973-02-04,Region X,Misamis Occidental,Oroquieta City,Taboc Norte,Widowed
7000067,801004,Charles,K,Hayes,Jr.,1998-03-31,Region X,Misamis Occidental,Tangub City,Lorenzo Tan,Single
7000068,801004,Christopher,K,Berg,,1989-09-25,Region X,Misamis Occidental,Oroquieta City,Dolipos Alto,Single
7000069,801004,Christian,J,Bowen,,1976-09-25,Region X,Misamis Occidental,Tangub City,Mantic,Married
7000070,801004,Joshua,J,Johnson,,1986-11-11,Region X,Misamis Occidental,Tangub City,Lorenzo Tan,Widowed
7000071,801004,Tiffany,J,Terrell,,1958-04-10,Region X,Misamis Occidental,Oroquieta City,Mobod,Single
7000072,801004,Dana,,Ortiz,,1988-04-09,Region X,Misamis Occidental,Oroquieta City,Lower Lamac,Single
7000073,801004,Mark,D,Green,,1980-01-08,Region X,Misamis Occidental,Oroquieta City,Taboc Norte,Married
7000074,801004,Gloria,C,May,,1956-10-22,Region X,Misamis Occidental,Ozamiz City,Aguada,Single
7000075,801004,Janet,J,Lewis,,1989-08-17,Region X,Misamis Occidental,Ozamiz City,Tinago,Separated
7000076,801004,Dennis,J,Knight,,2000-04-07,Region X,Misamis Occidental,Tangub City,Poblacion,Widowed
7000077,801004,Hector,D,Garcia,,1989-08-29,Region X,Misamis Occidental,Tangub City,Maloro,Single
7000078,801004,Megan,,Alvarez,,1992-01-13,Region X,Misamis Occidental,Ozamiz City,Aguada,Single
7000079,801004,Erin,D,Moore,,1988-08-30,Region X,Misamis Occidental,Oroquieta City,Taboc Norte,Single
7000080,801004,Mark,D,Cooper,,2004-04-25,Region X,Misamis Occidental,Ozamiz City,Baybay San Roque,Widowed
7000081,801004,Jeremy,R,Brown,,1999-10-16,Region X,Misamis Occidental,Tangub City,Poblacion,Married
7000082,801004,Jeffrey,J,Hernandez,Jr.,1991-05-01,Region X,Misamis Occidental,Oroquieta City,Dolipos Alto,Married
7000083,801004,Traci,E,Meadows,,1993-10-07,Region X,Misamis Occidental,Tangub City,Mantic,Separated
7000084,801004,William,M,Vazquez,,1980-03-26,Region X,Misamis Occidental,Tangub City,Mantic,Separated
7000085,801004,Wayne,B,Petty,,2003-09-30,Region X,Misamis Occidental,Oroquieta City,Mobod,Widowed
7000086,801004,Joshua,J,Lucas,,1999-04-12,Region X,Misamis Occidental,Tangub City,Mantic,Separated
7000087,801004,Krista,J,Mills,,2002-12-29,Region X,Misamis Occidental,Ozamiz City,Bañadera,Widowed
7000088,801004,Robert,J,Sandoval,,2004-01-05,Region X,Misamis Occidental,Tangub City,Mantic,Single
7000089,801004,Kathleen,J,Rodriguez,,1986-08-07,Region X,Misamis Occidental,Oroquieta City,Lower Lamac,Separated
7000090,801004,Darren,C,Barrera,,1986-07-11,Region X,Misamis Occidental,Tangub City,Mantic,Married
7000091,801004,Jason,M,Villegas,,1998-11-19,Region X,Misamis Occidental,Oroquieta City,Dolipos Alto,Widowed
7000092,801004,David,B,Sheppard,,1992-07-15,Region X,Misamis Occidental,Oroquieta City,Mobod,Single
7000093,801004,Gary,C,Reyes,,1997-09-18,Region X,Misamis Occidental,Tangub City,Mantic,Married
7000094,801004,Christopher,M,Richards,,2001-06-10,Region X,Misamis Occidental,Oroquieta City,Lower Lamac,Separated
7000095,801004,Billy,D,Garrett,,1976-07-15,Region X,Misamis Occidental,Tangub City,Poblacion,Widowed
7000096,801004,Jeff,L,Johnson,,1969-06-20,Region X,Misamis Occidental,Oroquieta City,Mobod,Separated
7000097,801004,Jennifer,T,Fox,,1990-05-22,Region X,Misamis Occidental,Ozamiz City,Aguada,Single
7000098,801004,David,A,Yoder,,1978-04-30,Region X,Misamis Occidental,Tangub City,Maloro,Separated
7000099,801004,Dawn,J,Peterson,,1979-07-20,Region X,Misamis Occidental,Ozamiz City,Baybay San Roque,Separated
7000100,801004,Logan,Y,Phillips,,1990-07-21,Region X,Misamis Occidental,Oroquieta City,Dolipos Alto,Married
7000101,801004,Clifford,J,Gross,,1985-02-06,Region X,Misamis Occidental,Ozamiz City,Tinago,Single
7000102,801004,Diana,S,Hill,,2003-04-05,Region X,Misamis Occidental,Ozamiz City,Aguada,Single
7000103,801004,Mark,G,Harris,,1964-02-20,Region X,Misamis Occidental,Oroquieta City,Dolipos Alto,Single
7000104,801004,Daniel,A,Meyer,,1971-06-17,Region X,Misamis Occidental,Oroquieta City,Lower Lamac,Widowed
7000105,801004,Kevin,M,Nguyen,,1978-12-21,Region X,Misamis Occidental,Ozamiz City,Tinago,Widowed
7000106,801004,Brenda,J,Leonard,Jr.,1988-07-11,Region X,Misamis Occidental,Tangub City,Maloro,Widowed
7000107,801004,Pamela,M,Wu,,1993-04-06,Region X,Misamis Occidental,Tangub City,Mantic,Separated
7000108,801004,Cynthia,D,Thomas,,1987-12-20,Region X,Misamis Occidental,Oroquieta City,Mobod,Widowed
7000109,801004,Steven,R,Hoffman,Jr.,1958-01-22,Region X,Misamis Occidental,Ozamiz City,Aguada,Married
7000110,801004,Linda,R,Sanchez,,1984-09-22,Region X,Misamis Occidental,Tangub City,Mantic,Married
7000111,801004,Tiffany,J,Velez,,1961-04-26,Region X,Misamis Occidental,Tangub City,Mantic,Married
7000112,801004,Jon,L,Buck,,2001-07-25,Region X,Misamis Occidental,Tangub City,Poblacion,Widowed
7000113,801004,Tiffany,D,Harrison,,1974-05-02,Region X,Misamis Occidental,Ozamiz City,Tinago,Single
7000114,801004,Brian,A,Anderson,,1978-07-22,Region X,Misamis Occidental,Ozamiz City,Baybay San Roque,Married
7000115,801004,Trevor,A,Schmitt,,1962-06-16,Region X,Misamis Occidental,Tangub City,Poblacion,Separated
7000116,801004,Beth,,Ortiz,,1993-03-18,Region X,Misamis Occidental,Oroquieta City,Taboc Norte,Separated
7000117,801004,Nicholas,C,Jenkins,,1999-10-24,Region X,Misamis Occidental,Oroquieta City,Mobod,Widowed
7000118,801004,Renee,,Peters,,2006-03-05,Region X,Misamis Occidental,Tangub City,Maloro,Widowed
7000119,801004,Sarah,Y,King,,1960-06-23,Region X,Misamis Occidental,Tangub City,Lorenzo Tan,Married
7000120,801004,Bruce,K,Johnson,III,2003-09-16,Region X,Misamis Occidental,Tangub City,Lorenzo Tan,Single
7000121,801004,Nicole,,Mitchell,,1960-05-25,Region X,Misamis Occidental,Tangub City,Lorenzo Tan,Single
7000122,801004,Ashley,W,Summers,,1994-09-15,Region X,Misamis Occidental,Oroquieta City,Dolipos Alto,Separated
7000123,801004,Anna,T,Harris,,1981-03-10,Region X,Misamis Occidental,Ozamiz City,Aguada,Single
7000124,801004,Ernest,A,Smith,,1997-02-03,Region X,Misamis Occidental,Oroquieta City,Lower Lamac,Separated
7000125,801004,Vanessa,A,Parks,,1973-08-09,Region X,Misamis Occidental,Tangub City,Mantic,Separated
7000126,801004,Travis,R,Snyder,,1989-10-23,Region X,Misamis Occidental,Oroquieta City,Lower Lamac,Married
7000127,801004,Stephanie,P,Smith,,1997-04-13,Region X,Misamis Occidental,Tangub City,Lorenzo Tan,Single
7000128,801004,John,F,White,,1968-09-09,Region X,Misamis Occidental,Oroquieta City,Taboc Norte,
7000129,801004,Carla,T,Wells,,1968-09-07,Region X,Misamis Occidental,Ozamiz City,Bañadera,Widowed
7000130,801004,Michael,L,Vaughn,,1956-04-06,Region X,Misamis Occidental,Oroquieta City,Dolipos Alto,Separated
7000131,801004,Megan,D,Gonzalez,,1992-05-27,Region X,Misamis Occidental,Ozamiz City,Tinago,Separated
7000132,801004,Daniel,S,Robinson,,2007-05-15,Region X,Misamis Occidental,Tangub City,Poblacion,Widowed
7000133,801004,Eric,A,Williams,,1995-05-10,Region X,Misamis Occidental,Oroquieta City,Taboc Norte,Married
7000134,801004,Mitchell,J,Moore,,1987-03-05,Region X,Misamis Occidental,Oroquieta City,Taboc Norte,Married
7000135,801004,Dana,A,Sherman,,1971-08-04,Region X,Misamis Occidental,Oroquieta City,Lower Lamac,Married
7000136,801004,Daniel,,Pugh,,1976-04-06,Region X,Misamis Occidental,Oroquieta City,Mobod,Single
7000137,801004,Patrick,J,Watson,Sr.,1970-12-07,Region X,Misamis Occidental,Ozamiz City,Aguada,Separated
7000138,801004,Curtis,,Lowe,,1990-03-29,Region X,Misamis Occidental,Tangub City,Lorenzo Tan,Widowed
7000139,801004,Pamela,C,Smith,,2007-08-08,Region X,Misamis Occidental,Ozamiz City,Baybay San Roque,Single
7000140,801004,Katherine,M,Andrade,,1987-06-25,Region X,Misamis Occidental,Tangub City,Lorenzo Tan,Single
7000141,801004,Andrea,K,Johnson,,1998-06-02,Region X,Misamis Occidental,Oroquieta City,Lower Lamac,Single
7000142,801004,Sabrina,A,Osborne,,1972-09-22,Region X,Misamis Occidental,Ozamiz City,Baybay San Roque,Single
7000143,801004,Richard,J,Jones,,1994-03-04,Region X,Misamis Occidental,Tangub City,Lorenzo Tan,Single
7000144,801004,Sara,M,Tucker,,1961-02-06,Region X,Misamis Occidental,Oroquieta City,Lower Lamac,Single
7000145,801004,Sharon,R,Harvey,,1973-10-19,Region X,Misamis Occidental,Oroquieta City,Mobod,Married
7000146,801004,Frank,D,Ward,Jr.,1997-08-09,Region X,Misamis Occidental,Ozamiz City,Tinago,Separated
7000147,801004,Melissa,E,Stanton,,1982-12-04,Region X,Misamis Occidental,Oroquieta City,Lower Lamac,Separated
7000148,801004,Daniel,A,Williamson,,1970-06-08,Region X,Misamis Occidental,Ozamiz City,Baybay San Roque,Married
7000149,801004,Ashley,T,Todd,,1985-05-15,Region X,Misamis Occidental,Tangub City,Poblacion,Married
7000150,801004,Jason,S,Carr,,1962-02-09,Region X,Misamis Occidental,Oroquieta City,Lower Lamac,Separated
7000151,801004,Sarah,D,Spears,,1988-07-13,Region X,Misamis Occidental,Tangub City,Lorenzo Tan,Married
7000152,801004,Jillian,A,James,,1992-11-05,Region X,Misamis Occidental,Tangub City,Maloro,
7000153,801004,Andrew,H,Weaver,,1962-08-27,Region X,Misamis Occidental,Oroquieta City,Mobod,Widowed
7000154,801004,Michael,B,Walker,,1986-10-07,Region X,Misamis Occidental,Oroquieta City,Lower Lamac,Married
7000155,801004,Thomas,S,Mcbride,,2006-05-30,Region X,Misamis Occidental,Oroquieta City,Mobod,Separated
7000156,801004,Lisa,R,Carr,,2003-10-01,Region X,Misamis Occidental,Ozamiz City,Aguada,Married
7000157,801004,Jessica,H,Anderson,,1993-02-17,Region X,Misamis Occidental,Tangub City,Mantic,Single
7000158,801004,Kelly,T,James,,1982-06-14,Region X,Misamis Occidental,Tangub City,Poblacion,Widowed
7000159,801004,George,J,Parrish,,1993-02-14,Region X,Misamis Occidental,Ozamiz City,Baybay San Roque,Widowed
7000160,801004,David,E,Brown,III,2004-12-16,Region X,Misamis Occidental,Tangub City,Poblacion,Single
7000161,801004,Sonya,H,Montgomery,III,2003-05-12,Region X,Misamis Occidental,Tangub City,Poblacion,Widowed
7000162,801004,David,M,Montes,,1992-03-21,Region X,Misamis Occidental,Ozamiz City,Tinago,Single
7000163,801004,Cindy,,Ryan,,1973-05-27,Region X,Misamis Occidental,Tangub City,Maloro,Married
7000164,801004,Mark,R,Carrillo,,2001-06-15,Region X,Misamis Occidental,Ozamiz City,Aguada,Widowed
7000165,801004,Donald,D,Dean,,,Region X,Misamis Occidental,Oroquieta City,,Separated
7000166,801004,Vicki,R,Thomas,,1966-05-14,Region X,Misamis Occidental,Ozamiz City,Tinago,Single
7000167,801004,William,D,Johnson,,1983-04-15,Region X,Misamis Occidental,Oroquieta City,Mobod,Single
7000168,801004,Jennifer,L,Bridges,Jr.,1964-08-04,Region X,Misamis Occidental,Tangub City,Poblacion,Married
7000169,801004,Kayla,W,Mosley,,1958-07-27,Region X,Misamis Occidental,Ozamiz City,Aguada,Separated
7000170,801004,Jessica,P,Chambers,,1971-06-03,Region X,Misamis Occidental,Oroquieta City,Mobod,Separated
7000171,801004,Alexis,V,Mann,,1961-05-10,Region X,Misamis Occidental,Oroquieta City,Lower Lamac,Single
7000172,801004,Debra,G,Burton,,1998-08-06,Region X,Misamis Occidental,Tangub City,Maloro,Separated
7000173,801004,Michael,A,Campbell,,1993-08-24,Region X,Misamis Occidental,Tangub City,Mantic,Married
7000174,801004,Matthew,T,Richardson,,1964-10-30,Region X,Misamis Occidental,Oroquieta City,Taboc Norte,Married
7000175,801004,Sarah,S,Roman,,1970-01-27,Region X,Misamis Occidental,Tangub City,Maloro,Widowed
7000176,801004,Jason,A,Padilla,,1962-06-29,Region X,Misamis Occidental,Tangub City,Mantic,Separated
7000177,801004,Cheryl,S,Howard,,1989-03-08,Region X,Misamis Occidental,Oroquieta City,Dolipos Alto,Married
7000178,801004,Sarah,A,Owens,,1978-04-16,Region X,Misamis Occidental,Tangub City,Poblacion,Single
7000179,801004,Jim,F,Woods,,1970-02-23,Region X,Misamis Occidental,Oroquieta City,Dolipos Alto,Widowed
7000180,801004,Christine,S,Fox,III,1971-12-31,Region X,Misamis Occidental,Oroquieta City,Taboc Norte,Separated
7000181,801004,Kristen,R,Le,Jr.,1964-01-21,Region X,Misamis Occidental,Oroquieta City,Lower Lamac,Married
7000182,801004,Erin,J,Snyder,,1965-11-30,Region X,Misamis Occidental,Ozamiz City,Aguada,Married
7000183,801004,Madison,S,Marshall,,1994-12-11,Region X,Misamis Occidental,Tangub City,Poblacion,Single
7000184,801004,Tiffany,F,Warren,,1980-06-14,Region X,Misamis Occidental,Tangub City,Lorenzo Tan,Separated
7000185,801004,Veronica,G,White,,2000-04-18,Region X,Misamis Occidental,Ozamiz City,Aguada,Single
7000186,801004,Amy,J,Mora,,1958-01-24,Region X,Misamis Occidental,Oroquieta City,Mobod,Married
7000187,801004,Ashley,S,Williams,,1994-12-31,Region X,Misamis Occidental,Tangub City,Maloro,Widowed
7000188,801004,Melissa,J,Martinez,,2003-05-02,Region X,Misamis Occidental,Tangub City,Poblacion,Separated
7000189,801004,Chelsea,M,Hanson,,1964-08-20,Region X,Misamis Occidental,Ozamiz City,Aguada,Single
7000190,801004,Kathleen,M,Aguilar,,1978-03-24,Region X,Misamis Occidental,Ozamiz City,Baybay San Roque,Married
7000191,801004,Michael,K,Turner,,1981-04-27,Region X,Misamis Occidental,Tangub City,Mantic,Single
7000192,801004,Jeffrey,J,Collins,,1983-10-31,Region X,Misamis Occidental,Tangub City,Mantic,Widowed
7000193,801004,Colin,C,Bates,,1985-07-18,Region X,Misamis Occidental,Ozamiz City,Aguada,Separated
7000194,801004,Brent,D,Dodson,,1967-09-12,Region X,Misamis Occidental,Ozamiz City,Aguada,Widowed
7000195,801004,Emily,M,Reyes,,1956-07-28,Region X,Misamis Occidental,Tangub City,Lorenzo Tan,Married
7000196,801004,Patrick,K,Williams,,1994-02-28,Region X,Misamis Occidental,Ozamiz City,Bañadera,Single
7000197,801004,Heather,R,Marshall,,1978-02-25,Region X,Misamis Occidental,Oroquieta City,Taboc Norte,Widowed
7000198,801004,Kathryn,V,Mayo,,2002-08-29,Region X,Misamis Occidental,Tangub City,Lorenzo Tan,Married
7000199,801004,Ryan,C,King,,1970-08-15,Region X,Misamis Occidental,Oroquieta City,Mobod,Separated
7000200,801004,Steve,A,Moore,,1988-08-12,Region X,Misamis Occidental,Oroquieta City,Dolipos Alto,Single
7000201,801004,Janice,K,Davis,,1961-09-06,Region X,Misamis Occidental,Tangub City,Maloro,Widowed
7000202,801004,Brett,,Bell,,2005-10-24,Region X,Misamis Occidental,Ozamiz City,Aguada,Single
7000203,801004,Edward,K,Stevens,,1988-12-06,Region X,Misamis Occidental,Tangub City,Lorenzo Tan,Separated
7000204,801004,Pamela,D,Lewis,,1964-01-31,Region X,Misamis Occidental,Oroquieta City,Taboc Norte,Separated
7000205,801004,Elizabeth,A,Rush,,1964-09-23,Region X,Misamis Occidental,Ozamiz City,Aguada,Single
7000206,801004,Timothy,M,Morales,,1960-08-09,Region X,Misamis Occidental,Tangub City,Lorenzo Tan,Single
7000207,801004,Caleb,C,Young,,1960-05-27,Region X,Misamis Occidental,Ozamiz City,Bañadera,Widowed
7000208,801004,Nicholas,M,Abbott,Jr.,1970-04-21,Region X,Misamis Occidental,Ozamiz City,Aguada,Separated
7000209,801004,Alicia,L,Williamson,,1983-04-04,Region X,Misamis Occidental,Ozamiz City,Baybay San Roque,Separated
7000210,801004,Jay,A,Sanchez,,1986-03-22,Region X,Misamis Occidental,Ozamiz City,Aguada,Widowed
7000211,801004,Shawn,J,Carter,,1978-03-31,Region X,Misamis Occidental,Tangub City,Poblacion,Separated
7000212,801004,Donald,B,Ruiz,,1976-10-10,Region X,Misamis Occidental,Ozamiz City,Bañadera,Separated
7000213,801004,Candice,T,Oliver,,2006-04-23,Region X,Misamis Occidental,Ozamiz City,Tinago,Widowed
7000214,801004,Anna,T,Flores,,1978-10-06,Region X,Misamis Occidental,Ozamiz City,Aguada,Single
7000215,801004,Samuel,J,Ray,,1976-07-26,Region X,Misamis Occidental,Oroquieta City,Taboc Norte,Separated
7000216,801004,Calvin,,West,III,1967-06-12,Region X,Misamis Occidental,Ozamiz City,Tinago,Separated
7000217,801004,James,H,Farmer,,1987-03-18,Region X,Misamis Occidental,Tangub City,Mantic,Married
7000218,801004,Michael,K,Owen,,1972-03-22,Region X,Misamis Occidental,Ozamiz City,Bañadera,Married
7000219,801004,Jill,,Greene,,1979-12-05,Region X,Misamis Occidental,Tangub City,Poblacion,Widowed
7000220,801004,Kristen,D,Smith,,1988-06-01,Region X,Misamis Occidental,Oroquieta City,Taboc Norte,Married
7000221,801004,Brian,,Mccarthy,,1989-11-12,Region X,Misamis Occidental,Oroquieta City,,Single
7000222,801004,Kelli,C,Brown,,1992-01-26,Region X,Misamis Occidental,Tangub City,Mantic,Single
7000223,801004,Michael,K,Love,,2007-07-21,Region X,Misamis Occidental,Oroquieta City,Taboc Norte,Married
7000224,801004,Keith,C,Cherry,,1973-12-24,Region X,Misamis Occidental,Tangub City,Mantic,Widowed
7000225,801004,Rebecca,J,Richardson,,1984-06-05,Region X,Misamis Occidental,Tangub City,Mantic,Widowed
7000226,801004,Robert,,Pearson,,2007-09-12,Region X,Misamis Occidental,Ozamiz City,Baybay San Roque,Separated
7000227,801004,Mitchell,A,Lucas,,1970-07-27,Region X,Misamis Occidental,Oroquieta City,Lower Lamac,Single
7000228,801004,Gene,L,Navarro,,1964-12-13,Region X,Misamis Occidental,Tangub City,Poblacion,Married
7000229,801004,James,,Williams,,2002-06-06,Region X,Misamis Occidental,Tangub City,Poblacion,Single
7000230,801004,Adriana,M,Patterson,,1963-11-12,Region X,Misamis Occidental,Ozamiz City,Aguada,Widowed
7000231,801004,David,J,Murray,,1997-03-17,Region X,Misamis Occidental,Tangub City,Poblacion,Widowed
7000232,801004,Lisa,T,Davis,,1976-11-14,Region X,Misamis Occidental,Ozamiz City,Bañadera,Married
7000233,801004,Caleb,S,Branch,,1972-02-26,Region X,Misamis Occidental,Tangub City,Maloro,Separated
7000234,801004,Brittney,E,Davis,,1985-12-24,Region X,Misamis Occidental,Ozamiz City,Aguada,Married
7000235,801004,Kelly,R,Thompson,,2001-10-26,Region X,Misamis Occidental,Ozamiz City,Baybay San Roque,Widowed
7000236,801004,George,K,Carroll,,1968-02-19,Region X,Misamis Occidental,Ozamiz City,Tinago,Married
7000237,801004,Richard,A,Collins,,1977-11-13,Region X,Misamis Occidental,Oroquieta City,Taboc Norte,Single
7000238,801004,Kimberly,N,Jackson,,1987-10-16,Region X,Misamis Occidental,Tangub City,Mantic,Married
7000239,801004,Thomas,C,Tucker,,2006-09-02,Region X,Misamis Occidental,Tangub City,Poblacion,Single
7000240,801004,Veronica,C,Terrell,,1976-06-25,Region X,Misamis Occidental,Oroquieta City,Dolipos Alto,Single
7000241,801004,Sara,C,Conner,,1971-01-01,Region X,Misamis Occidental,Oroquieta City,Taboc Norte,Single
7000242,801004,Ryan,,Munoz,,1985-08-15,Region X,Misamis Occidental,Ozamiz City,Aguada,Single
7000243,801004,Jennifer,K,Baker,,1966-09-15,Region X,Misamis Occidental,Ozamiz City,Aguada,Married
7000244,801004,Alexis,,Peters,,2004-08-14,Region X,Misamis Occidental,Tangub City,Poblacion,Married
7000245,801004,William,C,Garrett,III,1991-11-13,Region X,Misamis Occidental,Oroquieta City,Mobod,Separated
7000246,801004,Angela,T,Romero,Jr.,1981-12-10,Region X,Misamis Occidental,Tangub City,Lorenzo Tan,Widowed
7000247,801004,Carl,J,Anderson,,1992-05-15,Region X,Misamis Occidental,Ozamiz City,Baybay San Roque,Single
7000248,801004,Steven,P,Vasquez,,1993-12-23,Region X,Misamis Occidental,Tangub City,Mantic,Separated
7000249,801004,Robert,S,Gonzalez,III,1973-04-04,Region X,Misamis Occidental,Tangub City,Poblacion,Widowed
7000250,801004,Michelle,J,Wolf,,1956-09-24,Region X,Misamis Occidental,Oroquieta City,Taboc Norte,Single
7000251,801004,Matthew,T,Johns,,2005-11-30,Region X,Misamis Occidental,Oroquieta City,Lower Lamac,Separated
7000252,801004,Margaret,T,Singh,,1999-09-06,Region X,Misamis Occidental,Ozamiz City,Bañadera,Widowed
7000253,801004,Edward,E,Johnson,,1986-10-28,Region X,Misamis Occidental,Tangub City,Poblacion,Widowed
7000254,801004,Kimberly,J,Martinez,,1980-05-04,Region X,Misamis Occidental,Oroquieta City,Mobod,Separated
7000255,801004,Roger,P,Carrillo,,1986-07-27,Region X,Misamis Occidental,Ozamiz City,Bañadera,Married
7000256,801004,Caroline,T,Kelly,,1986-09-21,Region X,Misamis Occidental,Oroquieta City,Dolipos Alto,Widowed
7000257,801004,Eric,J,Jackson,,1980-05-15,Region X,Misamis Occidental,Oroquieta City,Taboc Norte,Single
7000258,801004,Hailey,M,Oconnell,Sr.,2005-12-31,Region X,Misamis Occidental,Oroquieta City,Mobod,Married
7000259,801004,Mary,I,Sutton,III,1976-03-15,Region X,Misamis Occidental,Oroquieta City,Mobod,Widowed
7000260,801004,Brittney,,Jones,,2004-03-05,Region X,Misamis Occidental,Oroquieta City,Lower Lamac,Married
7000261,801004,Joshua,J,Adams,,1992-07-03,Region X,Misamis Occidental,Tangub City,Poblacion,Separated
7000262,801004,Christopher,E,Fisher,,1963-01-11,Region X,Misamis Occidental,Oroquieta City,Taboc Norte,Single
7000263,801004,Travis,M,Castro,,1955-11-11,Region X,Misamis Occidental,Tangub City,Maloro,Widowed
7000264,801004,Ryan,,Henry,,1986-02-12,Region X,Misamis Occidental,Tangub City,Mantic,Widowed
7000265,801004,Evelyn,R,Vargas,,1973-09-01,Region X,Misamis Occidental,Tangub City,Lorenzo Tan,Married
7000266,801004,Bradley,J,Wiley,,1957-02-04,Region X,Misamis Occidental,Ozamiz City,Tinago,Separated
7000267,801004,Sara,S,Erickson,,1985-08-30,Region X,Misamis Occidental,Oroquieta City,Dolipos Alto,Married
7000268,801004,Jonathan,,Mayer,III,1996-03-04,Region X,Misamis Occidental,Tangub City,,Single
7000269,801004,Jeremy,S,Ellis,,1975-04-16,Region X,Misamis Occidental,Ozamiz City,Aguada,Married
7000270,801004,Karen,E,Castaneda,,1988-09-09,Region X,Misamis Occidental,Ozamiz City,Tinago,Widowed
7000271,801004,Nancy,N,Green,,2002-07-15,Region X,Misamis Occidental,Ozamiz City,Bañadera,Widowed
7000272,801004,James,J,Kelley,,1992-12-11,Region X,Misamis Occidental,Tangub City,Maloro,Separated
7000273,801004,Alan,M,Brown,,1962-06-15,Region X,Misamis Occidental,Tangub City,Lorenzo Tan,Separated
7000274,801004,Michael,R,Gilmore,III,1964-12-05,Region X,Misamis Occidental,Oroquieta City,Taboc Norte,Separated
7000275,801004,Joanna,T,Hernandez,,1968-01-13,Region X,Misamis Occidental,Ozamiz City,Aguada,Widowed
7000276,801004,Kristin,R,Harrison,,1981-06-30,Region X,Misamis Occidental,Tangub City,Lorenzo Tan,Separated
7000277,801004,Ryan,D,Hayes,,1977-04-25,Region X,Misamis Occidental,Oroquieta City,Dolipos Alto,Married
7000278,801004,Jimmy,N,Davis,,1994-07-11,Region X,Misamis Occidental,Ozamiz City,Baybay San Roque,Separated
7000279,801004,Evan,J,Martinez,,1994-01-30,Region X,Misamis Occidental,Ozamiz City,Bañadera,Widowed
7000280,801004,Paul,J,Reed,,1969-01-01,Region X,Misamis Occidental,Oroquieta City,Taboc Norte,Married
7000281,801004,Andrea,M,Lee,Jr.,1994-03-18,Region X,Misamis Occidental,Oroquieta City,Mobod,Married
7000282,801004,James,,Ramsey,,1958-08-05,Region X,Misamis Occidental,Oroquieta City,Taboc Norte,Widowed
7000283,801004,Frances,,Curry,,2005-11-06,Region X,Misamis Occidental,Oroquieta City,Dolipos Alto,Married
7000284,801004,Brandi,L,Bean,,2000-07-07,Region X,Misamis Occidental,Oroquieta City,Mobod,Married
7000285,801004,Michael,R,Edwards,,1971-03-29,Region X,Misamis Occidental,Ozamiz City,Aguada,Married
7000286,801004,John,K,Rios,,2005-04-10,Region X,Misamis Occidental,Oroquieta City,Dolipos Alto,Single
7000287,801004,Richard,L,Berger,,2002-04-08,Region X,Misamis Occidental,Oroquieta City,Dolipos Alto,Separated
7000288,801004,David,,Johnson,,1983-01-07,Region X,Misamis Occidental,Tangub City,Lorenzo Tan,Separated
7000289,801004,Karl,J,Lane,,1988-06-18,Region X,Misamis Occidental,Oroquieta City,Lower Lamac,Widowed
7000290,801004,Paul,A,Richardson,,1956-06-05,Region X,Misamis Occidental,Tangub City,Mantic,Widowed
7000291,801004,Samantha,G,Carr,,1990-04-20,Region X,Misamis Occidental,Ozamiz City,Aguada,Separated
7000292,801004,Billy,R,Ross,,1976-07-16,Region X,Misamis Occidental,Tangub City,Mantic,Married
7000293,801004,Rachel,,Stewart,,1967-09-20,Region X,Misamis Occidental,Oroquieta City,Lower Lamac,Separated
7000294,801004,Lori,P,Taylor,Jr.,1963-07-15,Region X,Misamis Occidental,Oroquieta City,Lower Lamac,Separated
7000295,801004,Joel,J,Schmidt,,1973-05-14,Region X,Misamis Occidental,Tangub City,Maloro,Separated
7000296,801004,Daniel,J,Jackson,,1975-09-30,Region X,Misamis Occidental,Ozamiz City,Aguada,Married
7000297,801004,Teresa,E,Miller,,1959-12-15,Region X,Misamis Occidental,Ozamiz City,Aguada,Widowed
7000298,801004,Lucas,M,Osborn,Sr.,2001-02-03,Region X,Misamis Occidental,Ozamiz City,Baybay San Roque,Single
7000299,801004,Michael,N,Klein,,1993-04-07,Region X,Misamis Occidental,Tangub City,Maloro,Single
7000300,801004,James,,Valenzuela,,1969-11-25,Region X,Misamis Occidental,Ozamiz City,Bañadera,Single
7000301,801004,Corey,D,Brown,,1959-09-28,Region X,Misamis Occidental,Oroquieta City,Taboc Norte,Married
7000302,801004,Martin,A,Gonzalez,,1992-10-18,Region X,Misamis Occidental,Oroquieta City,Mobod,Widowed
7000303,801004,Paige,D,Miller,,1985-11-04,Region X,Misamis Occidental,Tangub City,Mantic,Widowed
7000304,801004,Colleen,D,Gutierrez,,1997-12-24,Region X,Misamis Occidental,Ozamiz City,Bañadera,Widowed
7000305,801004,Jermaine,S,Black,,1960-12-07,Region X,Misamis Occidental,Oroquieta City,Taboc Norte,Widowed
7000306,801004,Tammy,,Powell,,1959-03-07,Region X,Misamis Occidental,Tangub City,Mantic,Widowed
7000307,801004,Carly,J,Simmons,,1956-07-21,Region X,Misamis Occidental,Oroquieta City,Taboc Norte,Married
7000308,801004,Donald,L,Smith,Jr.,1981-12-12,Region X,Misamis Occidental,Tangub City,Lorenzo Tan,Single
7000309,801004,Edward,A,Velez,,2005-08-23,Region X,Misamis Occidental,Oroquieta City,Lower Lamac,Widowed
7000310,801004,Tamara,J,Koch,,1963-01-14,Region X,Misamis Occidental,Tangub City,Lorenzo Tan,Widowed
7000311,801004,Suzanne,R,Gonzales,,1978-07-23,Region X,Misamis Occidental,Oroquieta City,,Married
7000312,801004,William,K,Clark,,1996-11-05,Region X,Misamis Occidental,Tangub City,Maloro,Separated
7000313,801004,Brandon,D,Key,,1966-01-21,Region X,Misamis Occidental,Oroquieta City,Dolipos Alto,Single
7000314,801004,Elizabeth,C,Manning,,2007-10-02,Region X,Misamis Occidental,Oroquieta City,Mobod,Separated
7000315,801004,Joseph,D,Johnson,III,1996-06-17,Region X,Misamis Occidental,Ozamiz City,Tinago,Married
7000316,801004,Christina,R,Chapman,,2007-01-24,Region X,Misamis Occidental,Tangub City,Mantic,Separated
7000317,801004,Stephanie,H,Smith,,1969-09-08,Region X,Misamis Occidental,Tangub City,Mantic,Single
7000318,801004,Sandra,J,Dickson,,1965-12-23,Region X,Misamis Occidental,Tangub City,Maloro,Married
7000319,801004,Victoria,S,Thornton,III,2006-07-29,Region X,Misamis Occidental,Ozamiz City,Baybay San Roque,Single
7000320,801004,Shawn,S,Perez,,1961-05-03,Region X,Misamis Occidental,Tangub City,Mantic,Single
7000321,801004,Gary,K,Allen,,1981-11-15,Region X,Misamis Occidental,Ozamiz City,Baybay San Roque,Separated
7000322,801004,Shane,T,Rodriguez,,1973-12-25,Region X,Misamis Occidental,Ozamiz City,Aguada,Widowed
7000323,801004,Jacob,A,Schultz,,1975-11-28,Region X,Misamis Occidental,Ozamiz City,Aguada,Widowed
7000324,801004,Pedro,W,Larson,,2001-04-09,Region X,Misamis Occidental,Oroquieta City,Dolipos Alto,Widowed
7000325,801004,Linda,A,Rodriguez,,1992-12-05,Region X,Misamis Occidental,Oroquieta City,Mobod,Single
7000326,801004,Nicholas,J,Cooley,,1972-09-17,Region X,Misamis Occidental,Tangub City,Lorenzo Tan,Widowed
7000327,801004,Lauren,C,Miller,,1971-12-27,Region X,Misamis Occidental,Oroquieta City,Mobod,Single
7000328,801004,Angela,T,Martinez,,1960-10-29,Region X,Misamis Occidental,Tangub City,Mantic,Single
7000329,801004,Nicholas,A,Pope,,1972-07-31,Region X,Misamis Occidental,Tangub City,Poblacion,Separated
7000330,801004,Jesse,E,Gonzalez,,1982-07-28,Region X,Misamis Occidental,Ozamiz City,Baybay San Roque,Separated
7000331,801004,Kelli,J,May,,1959-01-09,Region X,Misamis Occidental,Oroquieta City,Mobod,Separated
7000332,801004,Angela,C,Jacobs,,1982-03-24,Region X,Misamis Occidental,Oroquieta City,Taboc Norte,Single
7000333,801004,Donald,S,Warner,,1970-10-17,Region X,Misamis Occidental,Tangub City,Maloro,Separated
7000334,801004,Audrey,J,Burnett,,1959-12-05,Region X,Misamis Occidental,Oroquieta City,Mobod,Separated
7000335,801004,Aaron,L,Turner,,1971-03-24,Region X,Misamis Occidental,Tangub City,Lorenzo Tan,Separated
7000336,801004,John,M,Brown,,1989-10-28,Region X,Misamis Occidental,Oroquieta City,Mobod,Widowed
7000337,801004,Holly,A,Jones,,2002-03-14,Region X,Misamis Occidental,Tangub City,Lorenzo Tan,Single
7000338,801004,Luis,R,Leon,,1985-06-16,Region X,Misamis Occidental,Tangub City,Maloro,Separated
7000339,801004,Tyrone,S,Cook,,1969-08-30,Region X,Misamis Occidental,Oroquieta City,Taboc Norte,Single
7000340,801004,Tara,E,Parker,Jr.,1968-08-15,Region X,Misamis Occidental,Oroquieta City,Lower Lamac,Married
7000341,801004,Sally,T,Erickson,,1972-04-29,Region X,Misamis Occidental,Oroquieta City,Dolipos Alto,Widowed
7000342,801004,Jennifer,J,Meyer,,1977-05-18,Region X,Misamis Occidental,Oroquieta City,Lower Lamac,Separated
7000343,801004,Jose,M,Chung,,1956-08-15,Region X,Misamis Occidental,Tangub City,Maloro,Married
7000344,801004,Jay,P,Wilson,,1986-11-29,Region X,Misamis Occidental,Tangub City,Maloro,Widowed
7000345,801004,Daniel,M,Smith,,1981-11-07,Region X,Misamis Occidental,Ozamiz City,,Separated
7000346,801004,Aaron,P,Medina,,1963-08-18,Region X,Misamis Occidental,Oroquieta City,Dolipos Alto,Married
7000347,801004,Rebecca,D,Armstrong,,1971-03-28,Region X,Misamis Occidental,Ozamiz City,Tinago,Separated
7000348,801004,Frank,A,Olson,,1980-07-08,Region X,Misamis Occidental,Ozamiz City,Baybay San Roque,Single
7000349,801004,Robert,N,Miller,,1987-09-26,Region X,Misamis Occidental,Tangub City,Poblacion,Separated
7000350,801004,Jeffrey,A,Greene,,1961-09-02,Region X,Misamis Occidental,Ozamiz City,Tinago,Married
7000351,801004,Brenda,M,Martin,,2004-08-23,Region X,Misamis Occidental,Oroquieta City,Taboc Norte,Widowed
7000352,801004,Tara,A,Miller,,1997-04-01,Region X,Misamis Occidental,Tangub City,Mantic,Single
7000353,801004,Lisa,,Hampton,,1975-03-30,Region X,Misamis Occidental,Ozamiz City,Aguada,Widowed
7000354,801004,Jessica,C,Brown,,1970-05-19,Region X,Misamis Occidental,Tangub City,Poblacion,Widowed
7000355,801004,David,A,Ball,,1988-11-29,Region X,Misamis Occidental,Tangub City,Mantic,Married
7000356,801004,Sarah,,Maldonado,,1992-06-24,Region X,Misamis Occidental,Oroquieta City,Dolipos Alto,Single
7000357,801004,Manuel,D,Velazquez,,1980-09-29,Region X,Misamis Occidental,Tangub City,Mantic,Married
7000358,801004,Ryan,J,Hampton,,1984-04-11,Region X,Misamis Occidental,Oroquieta City,Taboc Norte,Single
7000359,801004,Steven,J,Harmon,,1955-11-26,Region X,Misamis Occidental,Oroquieta City,Lower Lamac,Widowed
7000360,801004,Joshua,F,Hill,,1972-05-01,Region X,Misamis Occidental,Ozamiz City,Bañadera,Widowed
7000361,801004,Lisa,T,Thomas,,1971-01-18,Region X,Misamis Occidental,Oroquieta City,Dolipos Alto,Single
7000362,801004,Benjamin,M,Hicks,,1978-08-12,Region X,Misamis Occidental,Oroquieta City,Dolipos Alto,Single
7000363,801004,David,S,Lee,III,1957-02-22,Region X,Misamis Occidental,Tangub City,Lorenzo Tan,Married
7000364,801004,Sharon,K,Alvarez,,1980-01-24,Region X,Misamis Occidental,Ozamiz City,Bañadera,Widowed
7000365,801004,Michael,,Shaw,,1999-12-31,Region X,Misamis Occidental,Ozamiz City,Aguada,Widowed
7000366,801004,John,M,Santos,,1957-05-12,Region X,Misamis Occidental,Oroquieta City,Taboc Norte,Widowed
7000367,801004,Christopher,J,Fletcher,,1976-03-18,Region X,Misamis Occidental,Oroquieta City,Lower Lamac,Single
7000368,801004,Regina,V,Middleton,,1985-03-01,Region X,Misamis Occidental,Tangub City,Mantic,Widowed
7000369,801004,Christopher,K,Stein,,2006-07-03,Region X,Misamis Occidental,Oroquieta City,Taboc Norte,Single
7000370,801004,Amy,A,Martinez,,1964-07-08,Region X,Misamis Occidental,Tangub City,Maloro,Married
7000371,801004,Alan,B,Cruz,Jr.,1970-04-13,Region X,Misamis Occidental,Ozamiz City,Aguada,Married
7000372,801004,Douglas,M,Diaz,,1982-02-11,Region X,Misamis Occidental,Oroquieta City,Mobod,Separated
7000373,801004,Amanda,J,Hernandez,,1974-10-23,Region X,Misamis Occidental,Tangub City,Maloro,Single
7000374,801004,Catherine,,Huerta,,1956-11-05,Region X,Misamis Occidental,Tangub City,Mantic,Widowed
7000375,801004,Jessica,J,Mays,,1967-06-16,Region X,Misamis Occidental,Oroquieta City,Lower Lamac,Widowed
7000376,801004,Michael,B,Rosario,,1984-10-14,Region X,Misamis Occidental,Ozamiz City,Aguada,Single
7000377,801004,Edward,L,Paul,,1996-02-01,Region X,Misamis Occidental,Tangub City,Mantic,Single
7000378,801004,Christian,C,Rodriguez,,1975-01-24,Region X,Misamis Occidental,Oroquieta City,Dolipos Alto,Separated
7000379,801004,Alicia,M,Pruitt,,1981-07-24,Region X,Misamis Occidental,Tangub City,Maloro,Married
7000380,801004,Patricia,K,Sanders,,1977-09-19,Region X,Misamis Occidental,Oroquieta City,Dolipos Alto,Single
7000381,801004,Christopher,K,Chapman,,1963-12-07,Region X,Misamis Occidental,Tangub City,Lorenzo Tan,Single
7000382,801004,Jorge,V,Smith,,1984-12-12,Region X,Misamis Occidental,Tangub City,Mantic,Widowed
7000383,801004,Renee,J,Lopez,,2006-03-16,Region X,Misamis Occidental,Tangub City,Lorenzo Tan,Separated
7000384,801004,Mary,S,Flores,,1972-02-10,Region X,Misamis Occidental,Tangub City,Lorenzo Tan,Widowed
7000385,801004,Jessica,,Baldwin,,2004-12-20,Region X,Misamis Occidental,Ozamiz City,Baybay San Roque,Widowed
7000386,801004,Linda,B,Lawson,,1980-09-11,Region X,Misamis Occidental,Tangub City,Mantic,Single
7000387,801004,Jill,S,Perez,,1963-11-25,Region X,Misamis Occidental,Tangub City,Lorenzo Tan,Single
7000388,801004,Valerie,M,Soto,,1968-06-24,Region X,Misamis Occidental,Oroquieta City,Mobod,Widowed
7000389,801004,Melissa,M,Rivera,,2007-05-03,Region X,Misamis Occidental,Oroquieta City,Dolipos Alto,Married
7000390,801004,Melissa,S,Green,,1961-07-14,Region X,Misamis Occidental,Ozamiz City,Tinago,Widowed
7000391,801004,Edward,D,Martinez,,2002-04-18,Region X,Misamis Occidental,Oroquieta City,Dolipos Alto,Widowed
7000392,801004,Brian,,Holmes,,1992-02-12,Region X,Misamis Occidental,Ozamiz City,Bañadera,Single
7000393,801004,Janet,M,Farmer,,1960-07-25,Region X,Misamis Occidental,Ozamiz City,Bañadera,Single
7000394,801004,Jessica,L,Huff,,1978-01-15,Region X,Misamis Occidental,Tangub City,Lorenzo Tan,Separated
7000395,801004,Aaron,S,Hernandez,,1973-05-17,Region X,Misamis Occidental,Oroquieta City,Taboc Norte,Married
7000396,801004,Christopher,J,Smith,,1956-03-14,Region X,Misamis Occidental,Oroquieta City,Taboc Norte,Separated
7000397,801004,Angela,L,Hall,,2000-11-16,Region X,Misamis Occidental,Ozamiz City,Tinago,Single
7000398,801004,Michelle,K,Garcia,,1986-09-22,Region X,Misamis Occidental,Oroquieta City,Lower Lamac,Married
7000399,801004,Mary,J,Flores,,1976-05-19,Region X,Misamis Occidental,Tangub City,Mantic,Single
7000400,801004,Juan,H,Holland,,1997-07-17,Region X,Misamis Occidental,Tangub City,Mantic,Single
7000401,801004,Thomas,H,Kramer,,1996-12-28,Region X,Misamis Occidental,Tangub City,Poblacion,Married
7000402,801004,Katrina,M,Robinson,,1993-07-21,Region X,Misamis Occidental,Oroquieta City,Dolipos Alto,Single
7000403,801004,Brian,S,Davis,,1983-06-26,Region X,Misamis Occidental,Oroquieta City,Taboc Norte,Married
7000404,801004,Jessica,C,Wright,,1978-09-18,Region X,Misamis Occidental,Tangub City,Lorenzo Tan,Single
7000405,801004,Melissa,T,Gutierrez,,2006-12-02,Region X,Misamis Occidental,Oroquieta City,Dolipos Alto,Separated
7000406,801004,Stanley,J,Johnson,,1958-08-01,Region X,Misamis Occidental,Oroquieta City,Taboc Norte,Separated
7000407,801004,Christopher,L,Patel,,1968-01-04,Region X,Misamis Occidental,Tangub City,Lorenzo Tan,Separated
7000408,801004,Elaine,J,Jensen,,1969-04-05,Region X,Misamis Occidental,Oroquieta City,Dolipos Alto,Single
7000409,801004,Robert,G,Douglas,,2007-04-30,Region X,Misamis Occidental,Ozamiz City,Bañadera,Separated
7000410,801004,Adrian,R,Barry,,1996-09-28,Region X,Misamis Occidental,Oroquieta City,Lower Lamac,Single
7000411,801004,Randall,S,Mooney,,1971-08-17,Region X,Misamis Occidental,Tangub City,Mantic,Single
7000412,801004,Jonathan,,West,,2003-04-29,Region X,Misamis Occidental,Oroquieta City,Mobod,Widowed
7000413,801004,Anne,,Oneill,,1957-10-15,Region X,Misamis Occidental,Ozamiz City,Baybay San Roque,Single
7000414,801004,Sharon,A,Duarte,,1996-12-29,Region X,Misamis Occidental,Oroquieta City,Lower Lamac,Single
7000415,801004,Jill,M,Morris,,1975-10-01,Region X,Misamis Occidental,Ozamiz City,Baybay San Roque,Separated
7000416,801004,Gabriel,A,Navarro,,1996-05-22,Region X,Misamis Occidental,Tangub City,Lorenzo Tan,Widowed
7000417,801004,Rickey,E,Cox,,1976-02-02,Region X,Misamis Occidental,Ozamiz City,Bañadera,Single
7000418,801004,Nancy,T,Henderson,,1970-05-09,Region X,Misamis Occidental,Ozamiz City,Bañadera,Widowed
7000419,801004,Cynthia,A,Lozano,,2005-08-24,Region X,Misamis Occidental,Oroquieta City,Taboc Norte,Widowed
7000420,801004,Tammy,D,Cooper,,1966-03-08,Region X,Misamis Occidental,Ozamiz City,Bañadera,Separated
7000421,801004,Karen,,Moody,,1980-04-26,Region X,Misamis Occidental,Ozamiz City,Tinago,Married
7000422,801004,Arthur,C,Salas,,1983-04-21,Region X,Misamis Occidental,Oroquieta City,Dolipos Alto,Widowed
7000423,801004,Teresa,E,Clark,,1959-05-20,Region X,Misamis Occidental,Tangub City,Lorenzo Tan,Widowed
7000424,801004,Joseph,W,Copeland,,1962-04-26,Region X,Misamis Occidental,Oroquieta City,Lower Lamac,Widowed
7000425,801004,Matthew,B,Ford,,2002-09-11,Region X,Misamis Occidental,Oroquieta City,Lower Lamac,Single
7000426,801004,Lauren,S,Garner,,2002-11-22,Region X,Misamis Occidental,Oroquieta City,Taboc Norte,Single
7000427,801004,Matthew,M,Morris,,1989-05-22,Region X,Misamis Occidental,Tangub City,Poblacion,Widowed
7000428,801004,Travis,,Dennis,,2006-08-20,Region X,Misamis Occidental,Oroquieta City,Dolipos Alto,Separated
7000429,801004,Marisa,,Shea,,1993-08-17,Region X,Misamis Occidental,Oroquieta City,Taboc Norte,Separated
7000430,801004,Ryan,B,Simmons,,1975-08-17,Region X,Misamis Occidental,Oroquieta City,Taboc Norte,Married
7000431,801004,Christine,P,Booth,,1976-07-06,Region X,Misamis Occidental,Oroquieta City,Lower Lamac,Separated
7000432,801004,Christopher,R,Thomas,,1993-04-07,Region X,Misamis Occidental,Ozamiz City,Tinago,Married
7000433,801004,Scott,K,Richardson,,1966-09-30,Region X,Misamis Occidental,Oroquieta City,Taboc Norte,Single
7000434,801004,Valerie,A,Deleon,,1979-04-30,Region X,Misamis Occidental,Oroquieta City,Taboc Norte,Separated
7000435,801004,Jeffrey,E,Hull,,1979-07-08,Region X,Misamis Occidental,Tangub City,Lorenzo Tan,Widowed
7000436,801004,Andrew,J,Bullock,,1990-02-07,Region X,Misamis Occidental,Ozamiz City,Bañadera,Single
7000437,801004,William,A,Mitchell,,1980-05-03,Region X,Misamis Occidental,Oroquieta City,Lower Lamac,Widowed
7000438,801004,John,T,Grant,,1996-04-23,Region X,Misamis Occidental,Oroquieta City,Dolipos Alto,Single
7000439,801004,Sean,J,Carrillo,,1957-11-20,Region X,Misamis Occidental,Oroquieta City,Taboc Norte,Married
7000440,801004,Alexis,K,Bowen,,1956-03-03,Region X,Misamis Occidental,Oroquieta City,Mobod,Married
7000441,801004,Bianca,N,Palmer,,1984-08-28,Region X,Misamis Occidental,Tangub City,Mantic,
7000442,801004,Christina,D,Paul,,2005-03-07,Region X,Misamis Occidental,Oroquieta City,Lower Lamac,Widowed
7000443,801004,James,B,Warren,,1991-06-06,Region X,Misamis Occidental,Ozamiz City,Bañadera,Widowed
7000444,801004,Kimberly,L,Martin,,1974-10-24,Region X,Misamis Occidental,Ozamiz City,Aguada,Single
7000445,801004,Pam,S,Johnson,,2003-03-01,Region X,Misamis Occidental,Tangub City,Poblacion,Widowed
7000446,801004,Ryan,S,Barrett,,1982-10-09,Region X,Misamis Occidental,Oroquieta City,Dolipos Alto,Widowed
7000447,801004,Victoria,D,Mccullough,,1976-01-11,Region X,Misamis Occidental,Tangub City,Mantic,Married
7000448,801004,Thomas,,Carroll,,2001-08-18,Region X,Misamis Occidental,Oroquieta City,Mobod,Separated
7000449,801004,Alan,M,Turner,,1969-02-23,Region X,Misamis Occidental,Oroquieta City,Dolipos Alto,Separated
7000450,801004,Ricardo,V,Grant,,1986-11-14,Region X,Misamis Occidental,Oroquieta City,Taboc Norte,Widowed
7000451,801004,Amy,A,Bass,,1994-09-23,Region X,Misamis Occidental,Tangub City,Maloro,Single
7000452,801004,Charlotte,K,Nelson,III,1994-08-28,Region X,Misamis Occidental,Ozamiz City,Bañadera,Single
7000453,801004,James,J,Ramirez,,1960-08-03,Region X,Misamis Occidental,Ozamiz City,Bañadera,Separated
7000454,801004,Jeffrey,P,Wells,,1961-07-11,Region X,Misamis Occidental,Ozamiz City,Baybay San Roque,Widowed
7000455,801004,Meagan,S,Martinez,,1964-04-14,Region X,Misamis Occidental,Oroquieta City,Taboc Norte,Widowed
7000456,801004,Alexander,M,Hall,III,1982-02-06,Region X,Misamis Occidental,Tangub City,Poblacion,Separated
7000457,801004,Darin,J,Hudson,,2004-05-24,Region X,Misamis Occidental,Ozamiz City,Bañadera,Single
7000458,801004,Susan,K,Johnson,Jr.,1994-06-01,Region X,Misamis Occidental,Oroquieta City,Mobod,Single
7000459,801004,Mario,M,Day,,2004-12-08,Region X,Misamis Occidental,Ozamiz City,Bañadera,Married
7000460,801004,Michelle,S,Johnson,,1957-07-18,Region X,Misamis Occidental,Ozamiz City,Bañadera,Separated
7000461,801004,Katherine,J,Gardner,,1960-01-12,Region X,Misamis Occidental,Oroquieta City,Dolipos Alto,Separated
7000462,801004,Manuel,R,Thomas,,2005-06-22,Region X,Misamis Occidental,Oroquieta City,Dolipos Alto,Single
7000463,801004,Jennifer,T,Thompson,,1990-03-01,Region X,Misamis Occidental,Tangub City,Poblacion,Married
7000464,801004,Cory,S,Mills,,1997-07-14,Region X,Misamis Occidental,Ozamiz City,Aguada,Single
7000465,801004,Robert,M,Walker,,1996-06-17,Region X,Misamis Occidental,Tangub City,Lorenzo Tan,Married
7000466,801004,Tracy,S,Thompson,,1986-12-14,Region X,Misamis Occidental,Oroquieta City,Lower Lamac,Married
7000467,801004,Amy,J,Cline,,2006-10-26,Region X,Misamis Occidental,Oroquieta City,Mobod,Widowed
7000468,801004,Lisa,A,Carter,,2007-03-01,Region X,Misamis Occidental,Oroquieta City,Lower Lamac,Single
7000469,801004,Angela,J,Howard,,2006-09-18,Region X,Misamis Occidental,Ozamiz City,,
7000470,801004,Ethan,A,Yu,,1976-04-15,Region X,Misamis Occidental,Tangub City,Poblacion,Single
7000471,801004,Felicia,G,Lewis,,2003-10-14,Region X,Misamis Occidental,Tangub City,Mantic,Widowed
7000472,801004,Darrell,,Ellis,,1999-07-11,Region X,Misamis Occidental,Tangub City,Mantic,Separated
7000473,801004,Kimberly,D,Pacheco,,1961-06-22,Region X,Misamis Occidental,Tangub City,Poblacion,Married
7000474,801004,Shawn,,Miller,,1963-08-29,Region X,Misamis Occidental,Tangub City,Maloro,Single
7000475,801004,Timothy,B,Chavez,,1998-04-08,Region X,Misamis Occidental,Ozamiz City,Bañadera,Separated
7000476,801004,Melanie,J,Holmes,,1992-08-04,Region X,Misamis Occidental,Tangub City,Lorenzo Tan,Widowed
7000477,801004,Molly,E,Baker,,1974-01-14,Region X,Misamis Occidental,Ozamiz City,Bañadera,Widowed
7000478,801004,Jill,W,Murray,,1978-06-28,Region X,Misamis Occidental,Oroquieta City,Dolipos Alto,Single
7000479,801004,Virginia,J,Griffin,,1981-04-26,Region X,Misamis Occidental,Tangub City,Lorenzo Tan,Married
7000480,801004,Adam,S,Stevens,,2002-08-10,Region X,Misamis Occidental,Oroquieta City,Lower Lamac,Single
7000481,801004,Robin,D,Wolf,,1976-09-03,Region X,Misamis Occidental,Ozamiz City,Aguada,Separated
7000482,801004,Oscar,J,Wright,,1963-12-24,Region X,Misamis Occidental,Oroquieta City,Lower Lamac,Married
7000483,801004,Nicholas,M,Newman,,1963-01-07,Region X,Misamis Occidental,Oroquieta City,Mobod,Married
7000484,801004,Scott,E,Harrison,,1990-04-27,Region X,Misamis Occidental,Tangub City,Mantic,Widowed
7000485,801004,Sara,R,Wilson,,1979-11-14,Region X,Misamis Occidental,Tangub City,Mantic,Married
7000486,801004,Benjamin,L,Newman,,1969-01-17,Region X,Misamis Occidental,Oroquieta City,Lower Lamac,Separated
7000487,801004,Robert,J,Fleming,,1994-05-28,Region X,Misamis Occidental,Tangub City,Lorenzo Tan,Married
7000488,801004,Steven,J,Santana,,1995-12-19,Region X,Misamis Occidental,Tangub City,Poblacion,Separated
7000489,801004,Savannah,K,Bass,,1981-07-30,Region X,Misamis Occidental,Ozamiz City,Baybay San Roque,Married
7000490,801004,Regina,T,Smith,III,1960-02-25,Region X,Misamis Occidental,Oroquieta City,Mobod,Married
7000491,801004,John,T,Drake,,2000-11-29,Region X,Misamis Occidental,Oroquieta City,Mobod,Separated
7000492,801004,Derrick,J,Curtis,,1964-03-05,Region X,Misamis Occidental,Tangub City,Lorenzo Tan,Married
7000493,801004,Robert,,Morris,,1984-01-20,Region X,Misamis Occidental,Ozamiz City,Aguada,Married
7000494,801004,Richard,D,Mitchell,Jr.,1975-11-05,Region X,Misamis Occidental,Tangub City,Lorenzo Tan,Widowed
7000495,801004,Brian,,Small,,1991-10-31,Region X,Misamis Occidental,Tangub City,Maloro,Widowed
7000496,801004,William,M,Cordova,,1965-06-12,Region X,Misamis Occidental,Oroquieta City,Taboc Norte,Single
7000497,801004,Luis,J,West,,2004-03-01,Region X,Misamis Occidental,Tangub City,Maloro,Widowed
7000498,801004,Matthew,E,Barnett,,2006-02-06,Region X,Misamis Occidental,Ozamiz City,Bañadera,Single
7000499,801004,Janet,,Collins,,1984-06-01,Region X,Misamis Occidental,Ozamiz City,Bañadera,Single
7000500,801004,Timothy,N,Snyder,,1993-10-17,Region X,Misamis Occidental,Oroquieta City,Lower Lamac,Separated
7000501,801004,Mary,,Fischer,Jr.,2005-02-02,Region X,Misamis Occidental,Ozamiz City,Baybay San Roque,Widowed
7000502,801004,Jessica,E,Dorsey,,1990-05-28,Region X,Misamis Occidental,Ozamiz City,Tinago,Married
7000503,801004,David,D,Murphy,,2001-03-08,Region X,Misamis Occidental,Ozamiz City,Bañadera,Married
7000504,801004,Sara,S,Nichols,,1994-05-28,Region X,Misamis Occidental,Ozamiz City,Bañadera,Single
7000505,801004,Renee,P,Hall,,1974-10-25,Region X,Misamis Occidental,Oroquieta City,Mobod,Single
7000506,801004,Patrick,A,Walsh,,2002-01-29,Region X,Misamis Occidental,Ozamiz City,Baybay San Roque,Married
7000507,801004,Chad,J,Lewis,,1971-02-22,Region X,Misamis Occidental,Tangub City,Poblacion,Separated
7000508,801004,Andrew,P,Carter,,1964-11-10,Region X,Misamis Occidental,Oroquieta City,Dolipos Alto,Widowed
7000509,801004,Michele,M,Brown,,1970-08-07,Region X,Misamis Occidental,Oroquieta City,Mobod,Single
7000510,801004,Hannah,K,Chen,,2000-09-07,Region X,Misamis Occidental,Tangub City,Maloro,Widowed
7000511,801004,Dustin,D,Davis,,1982-07-11,Region X,Misamis Occidental,Oroquieta City,Dolipos Alto,Married
7000512,801004,Mario,S,Collins,III,1978-04-17,Region X,Misamis Occidental,Tangub City,Maloro,Separated
7000513,801004,James,L,Torres,Jr.,1987-04-26,Region X,Misamis Occidental,Oroquieta City,Dolipos Alto,Widowed
7000514,801004,Ryan,G,Smith,,1993-09-10,Region X,Misamis Occidental,Tangub City,Maloro,Separated
7000515,801004,Michael,B,Gonzales,,1986-03-17,Region X,Misamis Occidental,Ozamiz City,Aguada,Widowed
7000516,801004,Erin,L,Huang,,1993-07-16,Region X,Misamis Occidental,Ozamiz City,Aguada,Separated
7000517,801004,Sara,A,Robinson,,1987-06-03,Region X,Misamis Occidental,Ozamiz City,Aguada,Single
7000518,801004,Brandon,E,Robinson,,1972-12-23,Region X,Misamis Occidental,Oroquieta City,Dolipos Alto,Separated
7000519,801004,Victoria,E,Armstrong,,1986-05-29,Region X,Misamis Occidental,Ozamiz City,Aguada,Married
7000520,801004,Phillip,R,Austin,,1993-07-13,Region X,Misamis Occidental,Oroquieta City,Taboc Norte,Married
7000521,801004,Amy,E,Gardner,,2002-03-31,Region X,Misamis Occidental,Ozamiz City,Bañadera,Widowed
7000522,801004,Jeffrey,J,Jones,,1974-06-22,Region X,Misamis Occidental,Tangub City,Lorenzo Tan,Separated
7000523,801004,Elijah,J,Taylor,,1958-07-21,Region X,Misamis Occidental,Oroquieta City,Taboc Norte,Separated
7000524,801004,Andrew,,Ho,,1957-10-30,Region X,Misamis Occidental,Oroquieta City,Mobod,Widowed
7000525,801004,Joseph,B,Sandoval,,1974-11-17,Region X,Misamis Occidental,Ozamiz City,Aguada,Married
7000526,801004,Ashley,B,Zamora,,1986-05-20,Region X,Misamis Occidental,Oroquieta City,Mobod,Single
7000527,801004,Thomas,A,Livingston,,1965-04-28,Region X,Misamis Occidental,Tangub City,Maloro,Widowed
7000528,801004,Elizabeth,M,Rodriguez,,2004-06-05,Region X,Misamis Occidental,Tangub City,Mantic,Married
7000529,801004,Laurie,O,Bush,,1989-05-30,Region X,Misamis Occidental,Oroquieta City,Taboc Norte,Single
7000530,801004,William,K,Navarro,,2005-08-10,Region X,Misamis Occidental,Oroquieta City,Lower Lamac,Widowed
7000531,801004,Andrew,A,Neal,,1972-12-22,Region X,Misamis Occidental,Oroquieta City,Lower Lamac,Separated
7000532,801004,Mark,J,Sanchez,,1964-10-17,Region X,Misamis Occidental,Tangub City,Maloro,Single
7000533,801004,Cheyenne,J,Schneider,,2000-11-11,Region X,Misamis Occidental,Oroquieta City,Dolipos Alto,Widowed
7000534,801004,Jessica,J,White,,2004-03-30,Region X,Misamis Occidental,Ozamiz City,Baybay San Roque,Separated
7000535,801004,Cassandra,J,Mclaughlin,,2000-06-29,Region X,Misamis Occidental,Ozamiz City,Tinago,Separated
7000536,801004,Destiny,M,Burton,,1966-07-16,Region X,Misamis Occidental,Tangub City,Mantic,Married
7000537,801004,Sandy,M,Bridges,,1974-09-28,Region X,Misamis Occidental,Tangub City,Maloro,Widowed
7000538,801004,Teresa,T,Berry,,2003-12-01,Region X,Misamis Occidental,Ozamiz City,Bañadera,Single
7000539,801004,Mark,M,Shaw,,1986-12-25,Region X,Misamis Occidental,Ozamiz City,Baybay San Roque,Separated
7000540,801004,Emily,L,Black,,1960-12-31,Region X,Misamis Occidental,Tangub City,Poblacion,Widowed
7000541,801004,Kevin,T,Williams,,1997-03-26,Region X,Misamis Occidental,Ozamiz City,Bañadera,Separated
7000542,801004,Ian,A,Allison,,1968-08-20,Region X,Misamis Occidental,Tangub City,Maloro,Widowed
7000543,801004,Walter,P,Martinez,,1967-10-23,Region X,Misamis Occidental,Ozamiz City,Aguada,Separated
7000544,801004,Brianna,B,Garcia,Jr.,1986-08-12,Region X,Misamis Occidental,Tangub City,Mantic,Separated
7000545,801004,Shane,W,Green,,1992-03-07,Region X,Misamis Occidental,Oroquieta City,Mobod,Widowed
7000546,801004,Johnny,S,Armstrong,,1989-11-22,Region X,Misamis Occidental,Ozamiz City,Bañadera,Married
7000547,801004,Rhonda,D,Padilla,,1962-03-16,Region X,Misamis Occidental,Tangub City,Poblacion,Separated
7000548,801004,Sherry,,Bullock,,1983-05-30,Region X,Misamis Occidental,Oroquieta City,Taboc Norte,Single
7000549,801004,Robert,D,Zavala,,1990-11-17,Region X,Misamis Occidental,Ozamiz City,Bañadera,Single
7000550,801004,Christine,A,Andrews,,1977-11-13,Region X,Misamis Occidental,Oroquieta City,Dolipos Alto,Married
7000551,801004,Joanna,J,Lester,,1999-03-23,Region X,Misamis Occidental,Oroquieta City,Mobod,Widowed
7000552,801004,Christina,S,Miller,,1957-03-21,Region X,Misamis Occidental,Oroquieta City,Mobod,Married
7000553,801004,Glen,B,Green,,1962-10-28,Region X,Misamis Occidental,Oroquieta City,Dolipos Alto,Single
7000554,801004,Paul,P,Johnson,,1993-06-01,Region X,Misamis Occidental,Ozamiz City,Bañadera,Separated
7000555,801004,Jack,M,Brown,,2006-07-11,Region X,Misamis Occidental,Ozamiz City,Tinago,Widowed
7000556,801004,Kristina,,Huber,,2000-12-03,Region X,Misamis Occidental,Ozamiz City,Bañadera,Single
7000557,801004,Keith,D,Patel,,1970-09-28,Region X,Misamis Occidental,Tangub City,Mantic,Separated
7000558,801004,Ashley,B,Hernandez,,1958-04-04,Region X,Misamis Occidental,Oroquieta City,Taboc Norte,Widowed
7000559,801004,Troy,L,Anderson,,1989-09-29,Region X,Misamis Occidental,Ozamiz City,Baybay San Roque,Single
7000560,801004,Frank,D,Ferguson,,1999-08-29,Region X,Misamis Occidental,Ozamiz City,Bañadera,Married
7000561,801004,Shaun,,Bennett,,1977-07-26,Region X,Misamis Occidental,Oroquieta City,Taboc Norte,Widowed
7000562,801004,David,H,Williamson,,1986-02-06,Region X,Misamis Occidental,Tangub City,Lorenzo Tan,Single
7000563,801004,Joseph,A,Simon,Jr.,1962-12-01,Region X,Misamis Occidental,Tangub City,Maloro,Single
7000564,801004,Joseph,A,Evans,,2005-05-13,Region X,Misamis Occidental,Tangub City,Lorenzo Tan,Married
7000565,801004,Casey,S,Simmons,,1993-11-16,Region X,Misamis Occidental,Ozamiz City,Baybay San Roque,Married
7000566,801004,Elizabeth,N,Sullivan,,1957-08-18,Region X,Misamis Occidental,Ozamiz City,Aguada,Single
7000567,801004,Russell,C,Guerra,,1990-04-23,Region X,Misamis Occidental,Oroquieta City,Mobod,Separated
7000568,801004,Thomas,N,Douglas,,1981-07-08,Region X,Misamis Occidental,Tangub City,Lorenzo Tan,Single
7000569,801004,Carolyn,J,Collins,,1956-10-29,Region X,Misamis Occidental,Oroquieta City,Mobod,Widowed
7000570,801004,Olivia,J,Andrews,,1956-10-11,Region X,Misamis Occidental,Ozamiz City,Bañadera,Separated
7000571,801004,Matthew,,Miller,,1983-06-09,Region X,Misamis Occidental,Tangub City,Mantic,Separated
7000572,801004,Marcus,M,Perez,,1965-06-08,Region X,Misamis Occidental,Tangub City,Lorenzo Tan,Separated
7000573,801004,Vanessa,J,Brown,,1986-02-12,Region X,Misamis Occidental,Oroquieta City,Taboc Norte,Separated
7000574,801004,Taylor,T,Miller,,1959-07-10,Region X,Misamis Occidental,Tangub City,Poblacion,Married
7000575,801004,Rebecca,,Waller,,1990-05-28,Region X,Misamis Occidental,Tangub City,Mantic,Separated
7000576,801004,Jose,C,Deleon,,1980-09-01,Region X,Misamis Occidental,Oroquieta City,Taboc Norte,Married
7000577,801004,Richard,C,Foley,Jr.,,Region X,Misamis Occidental,Oroquieta City,Mobod,Married
7000578,801004,Daniel,D,Wright,,2000-02-13,Region X,Misamis Occidental,Oroquieta City,Lower Lamac,Separated
7000579,801004,April,K,Davis,,1996-02-03,Region X,Misamis Occidental,Ozamiz City,Aguada,Married
7000580,801004,Ashley,K,Smith,,1961-03-23,Region X,Misamis Occidental,Oroquieta City,Mobod,Married
7000581,801004,Carrie,T,Chen,,1998-04-06,Region X,Misamis Occidental,Ozamiz City,Aguada,Separated
7000582,801004,Daniel,V,Kelley,III,1980-12-07,Region X,Misamis Occidental,Ozamiz City,Bañadera,Widowed
7000583,801004,Shawn,J,Rhodes,III,1969-07-15,Region X,Misamis Occidental,Tangub City,Lorenzo Tan,Separated
7000584,801004,Kimberly,M,Burns,,1978-08-29,Region X,Misamis Occidental,Ozamiz City,Baybay San Roque,Widowed
7000585,801004,Evan,R,Preston,,1974-09-10,Region X,Misamis Occidental,Ozamiz City,Bañadera,Separated
7000586,801004,Anna,,Rice,,1993-10-27,Region X,Misamis Occidental,Ozamiz City,Bañadera,Widowed
7000587,801004,Gregory,A,Miller,,1997-05-04,Region X,Misamis Occidental,Ozamiz City,Aguada,Widowed
7000588,801004,Ryan,N,Herrera,,1966-03-03,Region X,Misamis Occidental,Ozamiz City,Bañadera,Single
7000589,801004,Kevin,M,Johnson,,1976-12-20,Region X,Misamis Occidental,Ozamiz City,Bañadera,Married
7000590,801004,Luis,,Garcia,,1973-06-15,Region X,Misamis Occidental,Oroquieta City,Mobod,Separated
7000591,801004,John,,Davis,,1970-06-21,Region X,Misamis Occidental,Tangub City,Maloro,Married
7000592,801004,William,,Decker,,1956-09-17,Region X,Misamis Occidental,Ozamiz City,Aguada,Married
7000593,801004,Jonathan,J,Reed,,1989-01-26,Region X,Misamis Occidental,Tangub City,Maloro,Single
7000594,801004,Kevin,J,Ramirez,,1960-08-02,Region X,Misamis Occidental,Ozamiz City,Bañadera,Single
7000595,801004,Kenneth,G,Howell,,1976-07-28,Region X,Misamis Occidental,Ozamiz City,Aguada,Widowed
7000596,801004,Willie,J,Ingram,,1995-06-05,Region X,Misamis Occidental,Tangub City,Maloro,Widowed
7000597,801004,James,,Gamble,Jr.,1996-11-20,Region X,Misamis Occidental,Tangub City,,Married
7000598,801004,Christine,R,Guzman,,1963-04-29,Region X,Misamis Occidental,Oroquieta City,Dolipos Alto,Single
7000599,801004,Michelle,S,Harper,,1958-07-29,Region X,Misamis Occidental,Oroquieta City,Mobod,Separated
7000600,801004,Cody,R,Adams,,1982-11-20,Region X,Misamis Occidental,Ozamiz City,Tinago,Separated
7000601,801004,Jeffery,P,Gardner,,1982-03-02,Region X,Misamis Occidental,Tangub City,Maloro,Separated
7000602,801004,Dennis,D,Owens,,1974-08-01,Region X,Misamis Occidental,Ozamiz City,Tinago,Separated
7000603,801004,Carrie,N,Roy,,1994-03-04,Region X,Misamis Occidental,Ozamiz City,Tinago,Widowed
7000604,801004,Douglas,J,Ewing,,1976-12-16,Region X,Misamis Occidental,Tangub City,,Separated
7000605,801004,Tyler,A,Walton,,1977-07-24,Region X,Misamis Occidental,Oroquieta City,Lower Lamac,Widowed
7000606,801004,Kimberly,D,Snyder,,1966-07-22,Region X,Misamis Occidental,Ozamiz City,Aguada,Widowed
7000607,801004,Eric,K,Cherry,,1961-04-25,Region X,Misamis Occidental,Ozamiz City,,Single
7000608,801004,Dawn,P,Stewart,III,1999-12-07,Region X,Misamis Occidental,Tangub City,Lorenzo Tan,Separated
7000609,801004,Stephanie,M,Bailey,,1998-01-17,Region X,Misamis Occidental,Ozamiz City,Bañadera,Married
7000610,801004,Benjamin,D,Moore,,1977-02-21,Region X,Misamis Occidental,Ozamiz City,Tinago,Single
7000611,801004,Felicia,J,Parks,,1960-11-27,Region X,Misamis Occidental,Ozamiz City,Baybay San Roque,Single
7000612,801004,Alexander,J,Carroll,,1957-10-13,Region X,Misamis Occidental,Tangub City,Lorenzo Tan,Separated
7000613,801004,Melissa,C,Abbott,,1970-12-07,Region X,Misamis Occidental,Oroquieta City,Dolipos Alto,Separated
7000614,801004,Christopher,E,Wade,,1997-04-03,Region X,Misamis Occidental,Tangub City,Mantic,Single
7000615,801004,Cynthia,D,Wells,Sr.,1957-06-15,Region X,Misamis Occidental,Tangub City,Poblacion,Separated
7000616,801004,Amy,J,Evans,,1982-09-26,Region X,Misamis Occidental,Tangub City,Poblacion,Widowed
7000617,801004,Danielle,M,Lewis,,1981-07-27,Region X,Misamis Occidental,Tangub City,Maloro,Single
7000618,801004,David,,Mitchell,,2000-07-18,Region X,Misamis Occidental,Oroquieta City,Mobod,Married
7000619,801004,William,L,Clark,,1962-05-04,Region X,Misamis Occidental,Ozamiz City,Baybay San Roque,Separated
7000620,801004,Kelly,,Hernandez,,1974-08-12,Region X,Misamis Occidental,Ozamiz City,Baybay San Roque,Single
7000621,801004,Gregory,G,Johnson,Jr.,1975-08-25,Region X,Misamis Occidental,Ozamiz City,Baybay San Roque,Separated
7000622,801004,Ryan,L,Rose,,1966-10-01,Region X,Misamis Occidental,Ozamiz City,Baybay San Roque,Married
7000623,801004,John,A,Jones,,1995-01-02,Region X,Misamis Occidental,Oroquieta City,Dolipos Alto,Widowed
7000624,801004,Lisa,,Thomas,,1976-04-13,Region X,Misamis Occidental,Ozamiz City,Baybay San Roque,Single
7000625,801004,Jeffrey,C,Mosley,,1975-07-20,Region X,Misamis Occidental,Oroquieta City,Mobod,Separated
7000626,801004,Ruth,,Hunter,,1999-06-13,Region X,Misamis Occidental,Ozamiz City,Baybay San Roque,Separated
7000627,801004,Sara,B,Lam,,2007-01-02,Region X,Misamis Occidental,Oroquieta City,Mobod,Separated
7000628,801004,Daniel,E,Phillips,,1965-06-22,Region X,Misamis Occidental,Tangub City,Lorenzo Tan,Married
7000629,801004,Christine,M,Jackson,,2003-01-22,Region X,Misamis Occidental,Tangub City,Poblacion,Single
7000630,801004,Laura,,Rodriguez,,1978-08-06,Region X,Misamis Occidental,Ozamiz City,Aguada,Separated
7000631,801004,Michael,P,Martinez,,1984-12-08,Region X,Misamis Occidental,Oroquieta City,Lower Lamac,Widowed
7000632,801004,Ralph,M,Orr,,1991-04-23,Region X,Misamis Occidental,Oroquieta City,Dolipos Alto,Married
7000633,801004,Jennifer,E,Burke,,1963-06-26,Region X,Misamis Occidental,Tangub City,Poblacion,Single
7000634,801004,Beverly,M,Wagner,,1959-10-19,Region X,Misamis Occidental,Oroquieta City,Dolipos Alto,Single
7000635,801004,Angelica,J,Vega,,1964-08-24,Region X,Misamis Occidental,Tangub City,Maloro,Widowed
7000636,801004,Matthew,D,Gonzalez,,1955-11-24,Region X,Misamis Occidental,Ozamiz City,Bañadera,Single
7000637,801004,Brian,,King,,1995-04-26,Region X,Misamis Occidental,Tangub City,Maloro,Married
7000638,801004,Jonathan,R,Roberts,,1987-10-11,Region X,Misamis Occidental,Ozamiz City,Tinago,Separated
7000639,801004,Michael,J,Garcia,,1985-09-29,Region X,Misamis Occidental,Ozamiz City,Tinago,Widowed
7000640,801004,Michelle,A,Crawford,,1956-07-31,Region X,Misamis Occidental,Ozamiz City,Aguada,Separated
7000641,801004,Scott,D,Rodriguez,,1985-09-22,Region X,Misamis Occidental,Oroquieta City,Dolipos Alto,Single
7000642,801004,Mary,A,Cooper,,1965-12-02,Region X,Misamis Occidental,Oroquieta City,Mobod,Single
7000643,801004,Tanner,C,Edwards,,1960-09-25,Region X,Misamis Occidental,Ozamiz City,Bañadera,Separated
7000644,801004,Jill,C,Johnson,,1980-04-08,Region X,Misamis Occidental,Tangub City,Lorenzo Tan,Single
7000645,801004,Brittany,C,Jackson,,1978-06-15,Region X,Misamis Occidental,Ozamiz City,Aguada,Widowed
7000646,801004,Samantha,,Marshall,,,Region X,Misamis Occidental,Tangub City,Maloro,Married
7000647,801004,Joseph,R,Wilson,,2001-06-16,Region X,Misamis Occidental,Ozamiz City,Bañadera,Single
7000648,801004,Paula,K,Washington,III,1978-01-03,Region X,Misamis Occidental,Oroquieta City,Mobod,Widowed
7000649,801004,Paula,,Payne,,1987-03-22,Region X,Misamis Occidental,Oroquieta City,Dolipos Alto,Widowed
7000650,801004,Amanda,R,Dawson,,1993-10-05,Region X,Misamis Occidental,Tangub City,,Single
7000651,801004,Nina,K,Graham,,1986-10-03,Region X,Misamis Occidental,Tangub City,Lorenzo Tan,Single
7000652,801004,Jennifer,K,Rogers,Jr.,1977-06-08,Region X,Misamis Occidental,Tangub City,Mantic,Separated
7000653,801004,Brandon,J,Gomez,,1965-08-28,Region X,Misamis Occidental,Oroquieta City,Dolipos Alto,Single
7000654,801004,Brianna,M,Parker,,1995-07-21,Region X,Misamis Occidental,Oroquieta City,Taboc Norte,Widowed
7000655,801004,Kelly,T,Lopez,,1983-10-31,Region X,Misamis Occidental,Oroquieta City,Lower Lamac,Widowed
7000656,801004,Edward,S,Warner,,1993-02-13,Region X,Misamis Occidental,Ozamiz City,Baybay San Roque,Widowed
7000657,801004,Joseph,R,Richards,,1975-11-12,Region X,Misamis Occidental,Ozamiz City,Tinago,Married
7000658,801004,Erika,T,Peterson,,1999-03-28,Region X,Misamis Occidental,Ozamiz City,Baybay San Roque,Widowed
7000659,801004,Edward,C,Owen,,1964-03-27,Region X,Misamis Occidental,Tangub City,Maloro,Married
7000660,801004,Shannon,H,Young,,1961-06-15,Region X,Misamis Occidental,Oroquieta City,Taboc Norte,Married
7000661,801004,Edward,S,Stewart,,1984-12-16,Region X,Misamis Occidental,Oroquieta City,Dolipos Alto,Married
7000662,801004,James,,Castillo,,1981-03-22,Region X,Misamis Occidental,Ozamiz City,Bañadera,Widowed
7000663,801004,Cheyenne,T,Morse,,1974-03-10,Region X,Misamis Occidental,Tangub City,Poblacion,Widowed
7000664,801004,Robert,D,Moody,,1982-02-09,Region X,Misamis Occidental,Oroquieta City,Mobod,Married
7000665,801004,Jill,,Irwin,,1998-01-05,Region X,Misamis Occidental,Ozamiz City,Bañadera,Single
7000666,801004,Patrick,J,Miller,III,1982-08-05,Region X,Misamis Occidental,Ozamiz City,Baybay San Roque,Widowed
7000667,801004,Jessica,L,Russell,,1993-09-12,Region X,Misamis Occidental,Oroquieta City,Lower Lamac,Single
7000668,801004,Samuel,R,Williamson,III,1970-04-30,Region X,Misamis Occidental,Oroquieta City,Taboc Norte,Widowed
7000669,801004,William,S,Miranda,,1962-09-07,Region X,Misamis Occidental,Tangub City,Lorenzo Tan,Single
7000670,801004,Danielle,,Campos,,1996-05-19,Region X,Misamis Occidental,Tangub City,Maloro,Married
7000671,801004,Fred,L,Hughes,,1985-10-27,Region X,Misamis Occidental,Oroquieta City,Dolipos Alto,Single
7000672,801004,Nicholas,S,Lopez,,1998-06-14,Region X,Misamis Occidental,Ozamiz City,Bañadera,Single
7000673,801004,Karina,E,Flores,,1957-02-23,Region X,Misamis Occidental,Tangub City,Lorenzo Tan,Single
7000674,801004,Brett,V,Cook,,1985-04-15,Region X,Misamis Occidental,Oroquieta City,Dolipos Alto,Single
7000675,801004,Brenda,D,Parker,Jr.,1962-03-08,Region X,Misamis Occidental,Ozamiz City,Baybay San Roque,Single
7000676,801004,Rachel,D,Dodson,,1987-12-05,Region X,Misamis Occidental,Tangub City,Lorenzo Tan,Single
7000677,801004,Donald,A,Rivera,,2002-01-26,Region X,Misamis Occidental,Tangub City,Maloro,Widowed
7000678,801004,Mary,A,Sanchez,,1977-04-21,Region X,Misamis Occidental,Ozamiz City,Tinago,Separated
7000679,801004,Deborah,J,Johnston,,1961-09-24,Region X,Misamis Occidental,Tangub City,Mantic,Widowed
7000680,801004,Jodi,K,Ward,,1977-03-19,Region X,Misamis Occidental,Ozamiz City,Bañadera,Separated
7000681,801004,Ivan,K,Rogers,,1974-11-18,Region X,Misamis Occidental,Ozamiz City,Bañadera,Single
7000682,801004,Timothy,J,Vang,,1983-02-14,Region X,Misamis Occidental,Tangub City,Mantic,Single
7000683,801004,Tyler,H,Howard,,1978-12-25,Region X,Misamis Occidental,Tangub City,Poblacion,Married
7000684,801004,Christopher,K,Hunt,,1998-08-28,Region X,Misamis Occidental,Ozamiz City,Tinago,Separated
7000685,801004,Allison,J,Herrera,Jr.,1967-01-12,Region X,Misamis Occidental,Ozamiz City,Aguada,Separated
7000686,801004,Amanda,J,Kennedy,,2005-07-02,Region X,Misamis Occidental,Oroquieta City,Lower Lamac,Separated
7000687,801004,Sandra,L,Ruiz,,1982-03-24,Region X,Misamis Occidental,Ozamiz City,Aguada,Single
7000688,801004,Ashley,J,Rivera,,1970-09-11,Region X,Misamis Occidental,Tangub City,Lorenzo Tan,Separated
7000689,801004,Jocelyn,V,Wood,,1984-03-04,Region X,Misamis Occidental,Tangub City,Poblacion,Separated
7000690,801004,Alicia,J,Barnes,,1994-01-29,Region X,Misamis Occidental,Oroquieta City,Lower Lamac,Married
7000691,801004,Linda,J,Barber,,1972-04-27,Region X,Misamis Occidental,Tangub City,Maloro,Separated
7000692,801004,Scott,M,Horn,,1960-01-15,Region X,Misamis Occidental,Ozamiz City,Baybay San Roque,Separated
7000693,801004,Jennifer,T,Gonzalez,,1991-07-18,Region X,Misamis Occidental,Tangub City,Lorenzo Tan,Single
7000694,801004,Amber,M,Thompson,,1956-02-15,Region X,Misamis Occidental,Tangub City,Lorenzo Tan,Widowed
7000695,801004,Diana,P,Simmons,,1987-12-16,Region X,Misamis Occidental,Oroquieta City,Taboc Norte,Widowed
7000696,801004,Monica,W,Wyatt,,1979-01-28,Region X,Misamis Occidental,Tangub City,Poblacion,Separated
7000697,801004,Stephanie,T,Holloway,,1987-05-30,Region X,Misamis Occidental,Tangub City,Mantic,Married
7000698,801004,Zachary,R,Ruiz,,1989-12-30,Region X,Misamis Occidental,Oroquieta City,Lower Lamac,Separated
7000699,801004,Sarah,C,Blair,,1981-01-16,Region X,Misamis Occidental,Oroquieta City,Lower Lamac,Married
7000700,801004,Mark,J,Cox,,1978-04-21,Region X,Misamis Occidental,Tangub City,Lorenzo Tan,Single
7000701,801004,Brent,B,Bryant,,1982-05-02,Region X,Misamis Occidental,Oroquieta City,Lower Lamac,Separated
7000702,801004,Tabitha,D,Webb,,1990-04-21,Region X,Misamis Occidental,Ozamiz City,Aguada,Separated
7000703,801004,Kendra,J,Carroll,,1988-08-10,Region X,Misamis Occidental,Ozamiz City,Tinago,Widowed
7000704,801004,Steven,M,Benton,,1972-03-18,Region X,Misamis Occidental,Ozamiz City,Aguada,Separated
7000705,801004,Sheri,C,Roberts,,1966-06-19,Region X,Misamis Occidental,Ozamiz City,Bañadera,Single
7000706,801004,Lisa,R,Johnson,,1971-09-21,Region X,Misamis Occidental,Ozamiz City,Bañadera,Single
7000707,801004,Stacy,N,Kelly,,2006-03-17,Region X,Misamis Occidental,Ozamiz City,Aguada,Married
7000708,801004,Ronald,,Garcia,,1989-11-13,Region X,Misamis Occidental,Tangub City,Lorenzo Tan,Separated
7000709,801004,Anna,P,Vaughan,,1985-07-03,Region X,Misamis Occidental,Oroquieta City,Mobod,Single
7000710,801004,Elizabeth,M,Miranda,,1963-09-22,Region X,Misamis Occidental,Ozamiz City,Tinago,Single
7000711,801004,Lori,C,Mullins,,2000-12-25,Region X,Misamis Occidental,Tangub City,Maloro,Widowed
7000712,801004,Jennifer,A,Smith,,1968-03-29,Region X,Misamis Occidental,Tangub City,Mantic,Married
7000713,801004,Aaron,M,Powell,,1988-03-21,Region X,Misamis Occidental,Ozamiz City,Aguada,Single
7000714,801004,Ashley,A,Lee,,2001-02-25,Region X,Misamis Occidental,Tangub City,Lorenzo Tan,Single
7000715,801004,Jessica,E,Blake,,1958-08-04,Region X,Misamis Occidental,Tangub City,Lorenzo Tan,Widowed
7000716,801004,Anita,K,Lopez,,2003-02-28,Region X,Misamis Occidental,Ozamiz City,Baybay San Roque,Single
7000717,801004,Pam,C,Hill,,1996-08-01,Region X,Misamis Occidental,Tangub City,Lorenzo Tan,Separated
7000718,801004,Tiffany,N,Robertson,,1974-03-05,Region X,Misamis Occidental,Tangub City,Mantic,Single
7000719,801004,Jeffrey,J,Jordan,,1967-05-03,Region X,Misamis Occidental,Ozamiz City,Tinago,Married
7000720,801004,Jaime,K,Rodriguez,,1972-11-23,Region X,Misamis Occidental,Oroquieta City,Mobod,Separated
7000721,801004,Andrea,M,Glass,,2005-11-20,Region X,Misamis Occidental,Ozamiz City,Tinago,Single
7000722,801004,Michael,D,Carr,,2002-02-23,Region X,Misamis Occidental,Oroquieta City,Mobod,Separated
7000723,801004,James,M,Joseph,,1970-01-03,Region X,Misamis Occidental,Oroquieta City,Dolipos Alto,Single
7000724,801004,Paul,S,Pena,Sr.,1972-11-13,Region X,Misamis Occidental,Ozamiz City,Aguada,Separated
7000725,801004,Kelly,D,Hughes,,1968-01-17,Region X,Misamis Occidental,Tangub City,Poblacion,Separated
7000726,801004,Peter,E,Carter,,1973-11-09,Region X,Misamis Occidental,Oroquieta City,Taboc Norte,Married
7000727,801004,Margaret,W,Palmer,,1995-08-15,Region X,Misamis Occidental,Tangub City,Poblacion,Widowed
7000728,801004,Andrea,L,Davis,,1993-06-11,Region X,Misamis Occidental,Tangub City,Poblacion,
7000729,801004,Sean,K,Miller,,1996-09-28,Region X,Misamis Occidental,Oroquieta City,Dolipos Alto,Single
7000730,801004,Stephen,J,Sanchez,,1971-04-20,Region X,Misamis Occidental,Ozamiz City,Aguada,Single
7000731,801004,Brent,T,Smith,,1964-01-03,Region X,Misamis Occidental,Ozamiz City,Baybay San Roque,Single
7000732,801004,Douglas,D,Rollins,,1969-07-29,Region X,Misamis Occidental,Tangub City,Maloro,Married
7000733,801004,Dustin,M,Dawson,Jr.,1978-04-05,Region X,Misamis Occidental,Tangub City,Lorenzo Tan,Widowed
7000734,801004,Jerome,S,Whitaker,,1974-05-27,Region X,Misamis Occidental,Oroquieta City,Dolipos Alto,Widowed
7000735,801004,Laura,C,Miller,,1987-09-26,Region X,Misamis Occidental,Ozamiz City,Tinago,Widowed
7000736,801004,Eric,T,Summers,,1992-01-23,Region X,Misamis Occidental,Ozamiz City,Aguada,Married
7000737,801004,Mary,A,Anderson,,1983-07-25,Region X,Misamis Occidental,Ozamiz City,Baybay San Roque,Separated
7000738,801004,Dylan,C,Owens,,1980-05-29,Region X,Misamis Occidental,Ozamiz City,Baybay San Roque,Married
7000739,801004,Shari,J,Payne,,2000-06-02,Region X,Misamis Occidental,Tangub City,Poblacion,Single
7000740,801004,Michael,M,Richardson,,2000-04-19,Region X,Misamis Occidental,Oroquieta City,Dolipos Alto,Separated
7000741,801004,Javier,T,Harrison,,1999-10-09,Region X,Misamis Occidental,Ozamiz City,Bañadera,Married
7000742,801004,Jane,T,Lawrence,,,Region X,Misamis Occidental,Oroquieta City,Lower Lamac,Widowed
7000743,801004,Linda,,Hamilton,Jr.,1986-12-12,Region X,Misamis Occidental,Ozamiz City,Tinago,Widowed
7000744,801004,Kenneth,P,Bonilla,,1980-02-24,Region X,Misamis Occidental,Oroquieta City,Taboc Norte,Married
7000745,801004,Denise,D,Austin,,1993-08-15,Region X,Misamis Occidental,Tangub City,Poblacion,Single
7000746,801004,Samantha,N,Peterson,III,1999-01-25,Region X,Misamis Occidental,Oroquieta City,Mobod,Separated
7000747,801004,Nicholas,J,Benson,,1964-11-30,Region X,Misamis Occidental,Tangub City,Mantic,Separated
7000748,801004,Marilyn,M,Ferguson,,1985-08-02,Region X,Misamis Occidental,Oroquieta City,Lower Lamac,Widowed
7000749,801004,Erin,D,Perkins,Jr.,1970-03-05,Region X,Misamis Occidental,Tangub City,Mantic,Single
7000750,801004,Chad,A,Lee,,1974-04-25,Region X,Misamis Occidental,Ozamiz City,Bañadera,Married
7000751,801004,Kimberly,D,King,,1962-06-09,Region X,Misamis Occidental,Oroquieta City,Lower Lamac,Single
7000752,801004,Claudia,,Murphy,Sr.,1976-06-10,Region X,Misamis Occidental,Tangub City,Maloro,Married
7000753,801004,Carolyn,M,Neal,,1999-08-28,Region X,Misamis Occidental,Oroquieta City,Lower Lamac,Single
7000754,801004,Molly,E,Smith,,1986-07-20,Region X,Misamis Occidental,Oroquieta City,Taboc Norte,Separated
7000755,801004,Paul,K,Oliver,,1990-05-07,Region X,Misamis Occidental,Ozamiz City,Tinago,Separated
7000756,801004,Stacy,C,Waller,,1981-01-02,Region X,Misamis Occidental,Ozamiz City,Bañadera,Single
7000757,801004,David,D,Moreno,,2004-07-29,Region X,Misamis Occidental,Ozamiz City,Aguada,Single
7000758,801004,Michael,R,Davis,,1991-04-12,Region X,Misamis Occidental,Oroquieta City,Taboc Norte,Separated
7000759,801004,Zachary,L,Torres,,1975-07-05,Region X,Misamis Occidental,Ozamiz City,Baybay San Roque,Widowed
7000760,801004,Brianna,C,Roy,,1965-10-17,Region X,Misamis Occidental,Oroquieta City,Taboc Norte,Married
7000761,801004,Bradley,S,Williams,,1966-12-10,Region X,Misamis Occidental,Tangub City,Maloro,Single
7000762,801004,Rachel,R,Martinez,,1983-05-14,Region X,Misamis Occidental,Oroquieta City,Lower Lamac,Married
7000763,801004,Roberta,C,Taylor,,1974-04-24,Region X,Misamis Occidental,Tangub City,Maloro,Separated
7000764,801004,Jill,J,Phillips,,1958-01-09,Region X,Misamis Occidental,Oroquieta City,Mobod,Widowed
7000765,801004,Steven,P,Moore,,1973-02-11,Region X,Misamis Occidental,Oroquieta City,Lower Lamac,Separated
7000766,801004,Brandon,B,Nguyen,,1970-02-15,Region X,Misamis Occidental,Oroquieta City,Lower Lamac,Married
7000767,801004,Robin,M,Smith,,1967-06-20,Region X,Misamis Occidental,Ozamiz City,Tinago,Single
7000768,801004,Cheryl,S,Rose,,1976-08-27,Region X,Misamis Occidental,Ozamiz City,Aguada,Separated
7000769,801004,Gary,E,Castro,,2005-04-27,Region X,Misamis Occidental,Ozamiz City,Baybay San Roque,Single
7000770,801004,Anna,,Wilson,,1975-09-12,Region X,Misamis Occidental,Oroquieta City,Lower Lamac,Widowed
7000771,801004,Kelsey,N,Tran,,1994-12-21,Region X,Misamis Occidental,Oroquieta City,Mobod,Separated
7000772,801004,Michelle,M,Bowen,,1987-07-10,Region X,Misamis Occidental,Oroquieta City,Lower Lamac,Single
7000773,801004,Charles,G,Mccarthy,Jr.,1957-01-16,Region X,Misamis Occidental,Tangub City,Mantic,Single
7000774,801004,Amanda,T,Wright,,1974-07-30,Region X,Misamis Occidental,Ozamiz City,Aguada,Separated
7000775,801004,David,S,Bailey,,1978-05-17,Region X,Misamis Occidental,Ozamiz City,Baybay San Roque,Married
7000776,801004,Lacey,R,Hicks,,2005-06-22,Region X,Misamis Occidental,Ozamiz City,Bañadera,Separated
7000777,801004,Thomas,J,Welch,,1991-10-06,Region X,Misamis Occidental,Ozamiz City,Bañadera,Widowed
7000778,801004,Ryan,C,Mendez,,1957-04-28,Region X,Misamis Occidental,Ozamiz City,Aguada,Married
7000779,801004,Tommy,K,Price,,1964-11-18,Region X,Misamis Occidental,Oroquieta City,Lower Lamac,Single
7000780,801004,Tammy,M,Rivera,,1959-03-03,Region X,Misamis Occidental,Tangub City,Mantic,Widowed
7000781,801004,Michael,J,Weber,,1958-05-14,Region X,Misamis Occidental,Tangub City,Mantic,Widowed
7000782,801004,Allison,D,Townsend,,1997-05-03,Region X,Misamis Occidental,Ozamiz City,Bañadera,Single
7000783,801004,Teresa,M,Kelly,,1987-04-10,Region X,Misamis Occidental,Tangub City,Lorenzo Tan,Separated
7000784,801004,Gregory,D,Brewer,,1980-08-22,Region X,Misamis Occidental,Ozamiz City,Tinago,Widowed
7000785,801004,Amber,D,Pratt,,1974-05-22,Region X,Misamis Occidental,Tangub City,Mantic,Widowed
7000786,801004,Sarah,M,Burns,,1997-07-08,Region X,Misamis Occidental,Oroquieta City,Taboc Norte,Separated
7000787,801004,Lorraine,T,Lewis,,2001-08-16,Region X,Misamis Occidental,Tangub City,Mantic,Widowed
7000788,801004,Deanna,J,Rodriguez,,1972-01-05,Region X,Misamis Occidental,Oroquieta City,Lower Lamac,Separated
7000789,801004,Michael,R,Johnson,,1990-02-07,Region X,Misamis Occidental,Ozamiz City,Bañadera,Married
7000790,801004,David,J,Randall,Sr.,1973-08-27,Region X,Misamis Occidental,Tangub City,Poblacion,Single
7000791,801004,Michael,B,Pearson,,1964-06-20,Region X,Misamis Occidental,Oroquieta City,Lower Lamac,Single
7000792,801004,Kelly,J,Cameron,,1986-02-17,Region X,Misamis Occidental,Ozamiz City,Tinago,Separated
7000793,801004,Grant,J,Morgan,,2003-07-10,Region X,Misamis Occidental,Ozamiz City,Aguada,Separated
7000794,801004,Dustin,,Gilbert,,1959-09-24,Region X,Misamis Occidental,Ozamiz City,Tinago,Widowed
7000795,801004,Heather,J,Hernandez,,,Region X,Misamis Occidental,Oroquieta City,Dolipos Alto,Separated
7000796,801004,Patricia,R,Baldwin,,1992-12-22,Region X,Misamis Occidental,Tangub City,Maloro,Married
7000797,801004,Kaitlyn,R,Smith,III,2003-09-25,Region X,Misamis Occidental,Oroquieta City,Mobod,
7000798,801004,Jonathan,C,Peterson,,1987-06-08,Region X,Misamis Occidental,Tangub City,Mantic,Widowed
7000799,801004,Stephanie,,Bailey,,1985-07-08,Region X,Misamis Occidental,Ozamiz City,Aguada,Single
7000800,801004,Adam,K,Campbell,,1977-05-21,Region X,Misamis Occidental,Ozamiz City,Baybay San Roque,Widowed
7000801,801004,Joseph,,Davis,,2000-06-04,Region X,Misamis Occidental,Tangub City,Mantic,Separated
7000802,801004,Dennis,T,Pratt,,1970-03-08,Region X,Misamis Occidental,Ozamiz City,Baybay San Roque,Married
7000803,801004,Kevin,,Ross,,2000-04-29,Region X,Misamis Occidental,Tangub City,Poblacion,Widowed
7000804,801004,Manuel,R,Brown,,1961-12-16,Region X,Misamis Occidental,Ozamiz City,Tinago,Separated
7000805,801004,Jamie,M,Thomas,,1970-09-07,Region X,Misamis Occidental,Ozamiz City,Aguada,Separated
7000806,801004,Eric,B,Ramirez,,1979-07-22,Region X,Misamis Occidental,Oroquieta City,Taboc Norte,Married
7000807,801004,Julie,M,Moore,III,2000-01-01,Region X,Misamis Occidental,Tangub City,Mantic,Separated
7000808,801004,Dustin,C,Brown,,1983-07-23,Region X,Misamis Occidental,Oroquieta City,Dolipos Alto,Widowed
7000809,801004,Russell,M,Hall,,2001-12-23,Region X,Misamis Occidental,Oroquieta City,Dolipos Alto,Separated
7000810,801004,Natalie,J,Madden,,,Region X,Misamis Occidental,Tangub City,Poblacion,Separated
7000811,801004,Carlos,M,Ward,,1973-05-21,Region X,Misamis Occidental,Tangub City,Lorenzo Tan,Married
7000812,801004,Monica,P,Hansen,,1970-12-12,Region X,Misamis Occidental,Ozamiz City,Tinago,Married
7000813,801004,James,K,Irwin,,2007-06-08,Region X,Misamis Occidental,Oroquieta City,Taboc Norte,Separated
7000814,801004,Shawn,D,Garrett,,1970-04-18,Region X,Misamis Occidental,Oroquieta City,Lower Lamac,Single
7000815,801004,Austin,J,Sloan,,1961-10-24,Region X,Misamis Occidental,Ozamiz City,Tinago,Married
7000816,801004,Haley,T,Jacobson,,1963-05-29,Region X,Misamis Occidental,Ozamiz City,Aguada,Widowed
7000817,801004,Lisa,R,Hughes,,1994-03-22,Region X,Misamis Occidental,Oroquieta City,Mobod,Married
7000818,801004,Christopher,J,Smith,,1957-06-24,Region X,Misamis Occidental,Tangub City,Lorenzo Tan,Single
7000819,801004,Alicia,K,Bass,,1959-05-07,Region X,Misamis Occidental,Ozamiz City,Bañadera,Single
7000820,801004,Jennifer,,Zimmerman,,1975-02-24,Region X,Misamis Occidental,Ozamiz City,Tinago,Separated
7000821,801004,Chloe,D,Sutton,,1977-11-09,Region X,Misamis Occidental,Ozamiz City,Tinago,Married
7000822,801004,Michael,,Jones,,1956-12-22,Region X,Misamis Occidental,Ozamiz City,Aguada,Separated
7000823,801004,Daniel,,Trujillo,,1963-05-30,Region X,Misamis Occidental,Ozamiz City,Aguada,Single
7000824,801004,Erika,A,Reese,,2000-01-09,Region X,Misamis Occidental,Tangub City,Poblacion,Married
7000825,801004,Michael,D,Green,,1999-02-17,Region X,Misamis Occidental,Oroquieta City,Dolipos Alto,Separated
7000826,801004,Michelle,A,Mitchell,,2000-05-18,Region X,Misamis Occidental,Ozamiz City,Tinago,
7000827,801004,Jennifer,A,Ponce,,1975-11-29,Region X,Misamis Occidental,Oroquieta City,Taboc Norte,Widowed
7000828,801004,Lindsey,,Alvarado,,1962-11-13,Region X,Misamis Occidental,Oroquieta City,Mobod,Single
7000829,801004,Jessica,C,Rodriguez,,1982-09-09,Region X,Misamis Occidental,Ozamiz City,Tinago,Single
7000830,801004,Brandon,,Black,,1964-10-04,Region X,Misamis Occidental,Tangub City,Maloro,Separated
7000831,801004,Theodore,P,Mitchell,,1978-11-23,Region X,Misamis Occidental,Tangub City,,Widowed
7000832,801004,Lisa,L,Ruiz,Jr.,1986-02-18,Region X,Misamis Occidental,Ozamiz City,Baybay San Roque,Married
7000833,801004,Patrick,M,Burgess,,1991-07-14,Region X,Misamis Occidental,Ozamiz City,Aguada,Separated
7000834,801004,Heather,S,Merritt,,1981-11-20,Region X,Misamis Occidental,Oroquieta City,Lower Lamac,Married
7000835,801004,Vanessa,K,Woodward,,1992-04-12,Region X,Misamis Occidental,Tangub City,Poblacion,Single
7000836,801004,Curtis,,Thomas,III,,Region X,Misamis Occidental,Tangub City,Poblacion,Single
7000837,801004,Angela,B,Warner,,2004-03-22,Region X,Misamis Occidental,Ozamiz City,Aguada,Widowed
7000838,801004,Timothy,S,Clark,,1976-04-08,Region X,Misamis Occidental,Tangub City,Maloro,Separated
7000839,801004,Keith,J,Hernandez,,1999-12-19,Region X,Misamis Occidental,Tangub City,Lorenzo Tan,Widowed
7000840,801004,Amanda,T,George,,1993-09-26,Region X,Misamis Occidental,Ozamiz City,Bañadera,Separated
7000841,801004,Michael,,Patel,,2000-10-02,Region X,Misamis Occidental,Oroquieta City,Mobod,Separated
7000842,801004,Megan,T,Copeland,,1962-09-08,Region X,Misamis Occidental,Tangub City,Lorenzo Tan,Separated
7000843,801004,Amy,C,Gardner,,1979-12-21,Region X,Misamis Occidental,Tangub City,Lorenzo Tan,Widowed
7000844,801004,Jose,I,Huff,,1984-01-12,Region X,Misamis Occidental,Tangub City,Mantic,Single
7000845,801004,Jessica,,Turner,,2006-12-11,Region X,Misamis Occidental,Oroquieta City,Dolipos Alto,Married
7000846,801004,Phillip,J,Hall,,1967-11-05,Region X,Misamis Occidental,Ozamiz City,Aguada,Married
7000847,801004,Kelly,J,Jones,,1980-07-11,Region X,Misamis Occidental,Tangub City,,Widowed
7000848,801004,Robin,J,Thomas,,1981-11-20,Region X,Misamis Occidental,Tangub City,Lorenzo Tan,Married
7000849,801004,Briana,J,Evans,,1990-12-19,Region X,Misamis Occidental,Ozamiz City,Bañadera,Single
7000850,801004,Michael,N,Cooper,,1995-12-17,Region X,Misamis Occidental,Ozamiz City,Tinago,Separated
7000851,801004,Carrie,,Jones,Jr.,1993-01-11,Region X,Misamis Occidental,Oroquieta City,Dolipos Alto,Separated
7000852,801004,Courtney,D,Novak,,2005-01-15,Region X,Misamis Occidental,Tangub City,Poblacion,Widowed
7000853,801004,Elizabeth,K,Rasmussen,,2001-03-04,Region X,Misamis Occidental,Tangub City,Mantic,Single
7000854,801004,Nancy,A,Kim,,1982-06-01,Region X,Misamis Occidental,Tangub City,Lorenzo Tan,Widowed
7000855,801004,Jeremy,A,Rodriguez,III,1975-01-28,Region X,Misamis Occidental,Tangub City,Maloro,Single
7000856,801004,Jody,K,Frederick,,1997-04-18,Region X,Misamis Occidental,Oroquieta City,Mobod,Single
7000857,801004,Bradley,T,Robbins,,2003-08-27,Region X,Misamis Occidental,Ozamiz City,Tinago,Widowed
7000858,801004,Luis,,Bryan,,1980-03-14,Region X,Misamis Occidental,Ozamiz City,Bañadera,Single
7000859,801004,John,M,Crane,,1995-04-28,Region X,Misamis Occidental,Ozamiz City,Tinago,Married
7000860,801004,Brenda,C,Lee,III,1987-12-18,Region X,Misamis Occidental,Ozamiz City,Tinago,Single
7000861,801004,Marilyn,E,Rodgers,,1967-04-03,Region X,Misamis Occidental,Tangub City,Mantic,Single
7000862,801004,Jennifer,S,Bernard,,2004-07-18,Region X,Misamis Occidental,Ozamiz City,Baybay San Roque,Single
7000863,801004,Amber,W,Watson,,1996-09-10,Region X,Misamis Occidental,Tangub City,Maloro,Single
7000864,801004,Victoria,S,Harris,,1958-05-10,Region X,Misamis Occidental,Ozamiz City,Bañadera,Single
7000865,801004,Barbara,C,Morris,,1987-11-18,Region X,Misamis Occidental,Tangub City,Poblacion,Separated
7000866,801004,Amy,T,Medina,,1960-07-21,Region X,Misamis Occidental,Tangub City,Maloro,Married
7000867,801004,Elizabeth,,Brady,,2004-05-30,Region X,Misamis Occidental,Ozamiz City,Bañadera,Married
7000868,801004,William,A,Washington,,1982-06-12,Region X,Misamis Occidental,Oroquieta City,Lower Lamac,Married
7000869,801004,Zachary,H,Blanchard,,1992-06-24,Region X,Misamis Occidental,Ozamiz City,Baybay San Roque,Single
7000870,801004,Victoria,M,Gutierrez,,1999-02-26,Region X,Misamis Occidental,Ozamiz City,Bañadera,Single
7000871,801004,Michelle,J,Jones,,1980-08-16,Region X,Misamis Occidental,Oroquieta City,Taboc Norte,Widowed
7000872,801004,Cody,M,Coleman,,1986-06-17,Region X,Misamis Occidental,Ozamiz City,Bañadera,Widowed
7000873,801004,Adam,V,Hodges,,1991-08-29,Region X,Misamis Occidental,Oroquieta City,Mobod,Single
7000874,801004,Brian,D,Lucas,,2002-07-23,Region X,Misamis Occidental,Ozamiz City,Tinago,Widowed
7000875,801004,Karen,J,Gill,,2004-02-22,Region X,Misamis Occidental,Ozamiz City,Bañadera,Separated
7000876,801004,Daniel,M,Martinez,,1960-01-05,Region X,Misamis Occidental,Tangub City,Mantic,Single
7000877,801004,James,C,Pham,,1980-03-06,Region X,Misamis Occidental,Tangub City,Poblacion,Married
7000878,801004,Jessica,E,Brown,,1965-01-04,Region X,Misamis Occidental,Ozamiz City,Aguada,Widowed
7000879,801004,Brian,K,Austin,,1958-06-06,Region X,Misamis Occidental,Oroquieta City,Lower Lamac,Married
7000880,801004,James,M,King,III,2006-02-15,Region X,Misamis Occidental,Tangub City,Poblacion,Single
7000881,801004,Daniel,P,Arnold,,2006-06-24,Region X,Misamis Occidental,Oroquieta City,Dolipos Alto,
7000882,801004,Justin,J,Baker,,1966-04-29,Region X,Misamis Occidental,Ozamiz City,Baybay San Roque,Separated
7000883,801004,Paige,M,Alexander,,1972-07-04,Region X,Misamis Occidental,Tangub City,Lorenzo Tan,Single
7000884,801004,Glenn,G,Bullock,,1963-03-31,Region X,Misamis Occidental,Oroquieta City,Mobod,Widowed
7000885,801004,Jeffrey,K,Hahn,,1967-01-07,Region X,Misamis Occidental,Tangub City,Mantic,Widowed
7000886,801004,Trevor,,Stone,,1982-03-04,Region X,Misamis Occidental,Tangub City,Poblacion,Married
7000887,801004,Robert,C,Morris,,1984-11-30,Region X,Misamis Occidental,Oroquieta City,Taboc Norte,Single
7000888,801004,Deborah,S,Hammond,,2007-03-16,Region X,Misamis Occidental,Ozamiz City,Baybay San Roque,Married
7000889,801004,Heather,,Giles,,2000-01-05,Region X,Misamis Occidental,Tangub City,Poblacion,Separated
7000890,801004,Caleb,T,Welch,,1990-08-20,Region X,Misamis Occidental,Ozamiz City,Tinago,Single
7000891,801004,Carrie,G,Johnson,,1992-04-13,Region X,Misamis Occidental,Tangub City,Mantic,Single
7000892,801004,Matthew,C,Peterson,,2003-04-18,Region X,Misamis Occidental,Ozamiz City,Bañadera,Separated
7000893,801004,Nathan,W,Thompson,Jr.,1989-02-23,Region X,Misamis Occidental,Oroquieta City,Lower Lamac,Separated
7000894,801004,Mary,,Mckinney,,1980-01-20,Region X,Misamis Occidental,Oroquieta City,Lower Lamac,Widowed
7000895,801004,Monique,T,Morris,,1979-04-18,Region X,Misamis Occidental,Tangub City,Maloro,Widowed
7000896,801004,Linda,R,Cummings,III,1973-05-05,Region X,Misamis Occidental,Ozamiz City,Tinago,Widowed
7000897,801004,Michelle,P,Turner,,1992-11-22,Region X,Misamis Occidental,Ozamiz City,Bañadera,Separated
7000898,801004,Randy,J,Davis,,1982-12-28,Region X,Misamis Occidental,Oroquieta City,Dolipos Alto,Widowed
7000899,801004,Rebecca,J,Cooper,,1967-04-05,Region X,Misamis Occidental,Tangub City,Poblacion,Married
7000900,801004,Christine,A,Curtis,,,Region X,Misamis Occidental,Oroquieta City,Dolipos Alto,Married
7000901,801004,Barbara,,Ramsey,,1977-06-28,Region X,Misamis Occidental,Ozamiz City,Baybay San Roque,Separated
7000902,801004,David,T,Kelley,,1988-05-05,Region X,Misamis Occidental,Ozamiz City,Aguada,Widowed
7000903,801004,Alexander,E,Jimenez,,1989-11-08,Region X,Misamis Occidental,Tangub City,Poblacion,Single
7000904,801004,Steven,J,Keith,,1997-03-15,Region X,Misamis Occidental,Tangub City,,Married
7000905,801004,Jennifer,A,Bailey,,1965-01-08,Region X,Misamis Occidental,Ozamiz City,Aguada,Widowed
7000906,801004,Kenneth,,Eaton,,1997-12-15,Region X,Misamis Occidental,Oroquieta City,Lower Lamac,Separated
7000907,801004,Gerald,D,Davis,,1993-02-03,Region X,Misamis Occidental,Oroquieta City,Taboc Norte,Married
7000908,801004,Steve,A,Nelson,Jr.,1988-04-22,Region X,Misamis Occidental,Ozamiz City,Baybay San Roque,Widowed
7000909,801004,Matthew,,Lopez,,1981-04-06,Region X,Misamis Occidental,Tangub City,Mantic,Single
7000910,801004,Sara,J,Boyd,,1958-06-06,Region X,Misamis Occidental,Ozamiz City,Tinago,Separated
7000911,801004,Timothy,J,Peck,,1976-10-16,Region X,Misamis Occidental,Ozamiz City,Tinago,Single
7000912,801004,Allen,J,Serrano,,1992-06-09,Region X,Misamis Occidental,Tangub City,Lorenzo Tan,Widowed
7000913,801004,Hunter,W,Byrd,,1968-03-10,Region X,Misamis Occidental,Oroquieta City,Lower Lamac,Married
7000914,801004,Victoria,A,Ortiz,,1994-02-22,Region X,Misamis Occidental,Oroquieta City,Taboc Norte,Married
7000915,801004,Alan,C,Taylor,,1995-07-09,Region X,Misamis Occidental,Oroquieta City,Dolipos Alto,Single
7000916,801004,Bryan,N,Crawford,,1973-05-29,Region X,Misamis Occidental,Ozamiz City,Aguada,
7000917,801004,Destiny,B,Terry,,1970-02-13,Region X,Misamis Occidental,Oroquieta City,Lower Lamac,Separated
7000918,801004,Denise,,Powell,,1969-07-16,Region X,Misamis Occidental,Tangub City,Lorenzo Tan,Married
7000919,801004,Brandon,M,Johnson,,2003-10-02,Region X,Misamis Occidental,Oroquieta City,Dolipos Alto,Widowed
7000920,801004,John,C,Kane,,1957-08-13,Region X,Misamis Occidental,Oroquieta City,Taboc Norte,Single
7000921,801004,Richard,M,Phillips,,1963-07-15,Region X,Misamis Occidental,Ozamiz City,Baybay San Roque,Married
7000922,801004,Marc,M,Rowe,,1997-01-19,Region X,Misamis Occidental,Tangub City,Lorenzo Tan,Married
7000923,801004,Michelle,K,Taylor,,2006-01-01,Region X,Misamis Occidental,Ozamiz City,Aguada,Separated
7000924,801004,Daniel,C,Cain,,1992-06-07,Region X,Misamis Occidental,Oroquieta City,Taboc Norte,Separated
7000925,801004,Kenneth,S,Rice,,1979-01-20,Region X,Misamis Occidental,Ozamiz City,Tinago,Single
7000926,801004,Christopher,K,Roberts,,1991-12-01,Region X,Misamis Occidental,Tangub City,Poblacion,Single
7000927,801004,Lauren,B,Richmond,,2006-05-26,Region X,Misamis Occidental,Tangub City,Lorenzo Tan,Widowed
7000928,801004,Rachel,J,Hoover,,1981-06-28,Region X,Misamis Occidental,Tangub City,Mantic,Single
7000929,801004,Kevin,J,Garcia,,1971-09-05,Region X,Misamis Occidental,Oroquieta City,Mobod,Married
7000930,801004,Scott,C,Hall,,1973-06-03,Region X,Misamis Occidental,Tangub City,Maloro,Separated
7000931,801004,Pamela,P,Johnson,,1969-11-19,Region X,Misamis Occidental,Oroquieta City,Mobod,Widowed
7000932,801004,Jennifer,,Hicks,,1998-02-07,Region X,Misamis Occidental,Oroquieta City,Dolipos Alto,Separated
7000933,801004,Peggy,S,Tran,,1992-04-30,Region X,Misamis Occidental,Tangub City,Poblacion,Widowed
7000934,801004,David,P,Wong,,1956-04-06,Region X,Misamis Occidental,Oroquieta City,Dolipos Alto,Single
7000935,801004,Edward,J,Wong,,1967-09-23,Region X,Misamis Occidental,Ozamiz City,Tinago,Single
7000936,801004,Thomas,B,Farmer,,1988-09-18,Region X,Misamis Occidental,Oroquieta City,Lower Lamac,Widowed
7000937,801004,Nathaniel,,Davis,,2005-02-07,Region X,Misamis Occidental,Oroquieta City,Taboc Norte,Separated
7000938,801004,Dana,J,Miller,,1956-07-19,Region X,Misamis Occidental,Ozamiz City,Baybay San Roque,Married
7000939,801004,Julia,N,White,,1993-07-13,Region X,Misamis Occidental,Tangub City,Poblacion,Widowed
7000940,801004,Samuel,M,Horton,,1969-05-19,Region X,Misamis Occidental,Ozamiz City,Aguada,Single
7000941,801004,James,D,Wolf,Jr.,1981-12-07,Region X,Misamis Occidental,Ozamiz City,Bañadera,Married
7000942,801004,Morgan,W,Smith,,1997-10-25,Region X,Misamis Occidental,Ozamiz City,Tinago,Single
7000943,801004,Christopher,E,Lee,,1991-04-26,Region X,Misamis Occidental,Ozamiz City,Bañadera,Widowed
7000944,801004,Scott,T,Lopez,,2002-12-09,Region X,Misamis Occidental,Tangub City,Mantic,Separated
7000945,801004,Vincent,A,Watson,III,1989-09-17,Region X,Misamis Occidental,Tangub City,Mantic,Widowed
7000946,801004,Robert,,Obrien,,2005-09-06,Region X,Misamis Occidental,Tangub City,Maloro,Widowed
7000947,801004,Monica,B,Perry,,1961-07-03,Region X,Misamis Occidental,Oroquieta City,Taboc Norte,Widowed
7000948,801004,Kyle,A,Harrison,,1986-09-03,Region X,Misamis Occidental,Ozamiz City,Tinago,Separated
7000949,801004,Joseph,,Frank,,1980-11-12,Region X,Misamis Occidental,Ozamiz City,Bañadera,Separated
7000950,801004,Aimee,K,Burton,,1986-06-22,Region X,Misamis Occidental,Tangub City,Poblacion,Married
7000951,801004,Brian,A,Williams,,1992-01-20,Region X,Misamis Occidental,Tangub City,Lorenzo Tan,Widowed
7000952,801004,Michelle,P,James,III,2002-03-08,Region X,Misamis Occidental,Ozamiz City,Tinago,Married
7000953,801004,Matthew,S,Hernandez,,1981-05-20,Region X,Misamis Occidental,Tangub City,Poblacion,Single
7000954,801004,Alvin,M,Henry,,1957-07-20,Region X,Misamis Occidental,Tangub City,Mantic,Married
7000955,801004,Catherine,V,Wade,,1993-02-14,Region X,Misamis Occidental,Tangub City,Mantic,Separated
7000956,801004,Eric,,Smith,,1967-04-15,Region X,Misamis Occidental,Ozamiz City,Tinago,Separated
7000957,801004,Samantha,,Maldonado,,1992-08-30,Region X,Misamis Occidental,Tangub City,Maloro,Separated
7000958,801004,Sean,J,Huff,,2006-04-05,Region X,Misamis Occidental,Oroquieta City,Dolipos Alto,Widowed
7000959,801004,Vanessa,T,Williams,,1984-10-24,Region X,Misamis Occidental,Ozamiz City,Baybay San Roque,Married
7000960,801004,Clarence,,Camacho,Jr.,1985-08-26,Region X,Misamis Occidental,Tangub City,Maloro,Separated
7000961,801004,Thomas,G,Davidson,,1976-11-23,Region X,Misamis Occidental,Ozamiz City,Bañadera,Married
7000962,801004,Shawn,D,Lewis,,1998-02-26,Region X,Misamis Occidental,Tangub City,Maloro,Single
7000963,801004,Sheri,D,Rodriguez,,1961-06-24,Region X,Misamis Occidental,Tangub City,Poblacion,Single
7000964,801004,Steven,M,Moses,,1966-06-29,Region X,Misamis Occidental,Tangub City,Maloro,Separated
7000965,801004,Carl,S,Rogers,,1979-12-02,Region X,Misamis Occidental,Tangub City,Maloro,Single
7000966,801004,Kenneth,R,Smith,,1990-12-20,Region X,Misamis Occidental,Oroquieta City,Dolipos Alto,Single
7000967,801004,Natalie,S,Tate,,1989-04-28,Region X,Misamis Occidental,Tangub City,Maloro,Married
7000968,801004,Jeffery,,Frederick,,1961-06-30,Region X,Misamis Occidental,Oroquieta City,Lower Lamac,Widowed
7000969,801004,Todd,K,Mason,,2000-03-25,Region X,Misamis Occidental,Oroquieta City,Taboc Norte,Widowed
7000970,801004,Ashley,M,Castaneda,,1963-03-19,Region X,Misamis Occidental,Ozamiz City,Tinago,Separated
7000971,801004,Chris,,Henderson,,1964-06-16,Region X,Misamis Occidental,Tangub City,Poblacion,Separated
7000972,801004,Andrea,J,King,,1973-07-24,Region X,Misamis Occidental,Tangub City,Mantic,Married
7000973,801004,Leslie,,Henderson,,1973-07-17,Region X,Misamis Occidental,Oroquieta City,Lower Lamac,Separated
7000974,801004,Brittany,B,Smith,,1982-07-27,Region X,Misamis Occidental,Ozamiz City,Aguada,Widowed
7000975,801004,Lisa,T,Williams,,1960-07-09,Region X,Misamis Occidental,Oroquieta City,Mobod,Widowed
7000976,801004,Miguel,V,Lane,,2001-10-22,Region X,Misamis Occidental,Oroquieta City,Dolipos Alto,Single
7000977,801004,Misty,M,Stevens,,1981-02-15,Region X,Misamis Occidental,Ozamiz City,Aguada,Separated
7000978,801004,Mackenzie,D,Miller,,1998-10-21,Region X,Misamis Occidental,Tangub City,Maloro,Single
7000979,801004,Elizabeth,L,Silva,,1995-11-24,Region X,Misamis Occidental,Oroquieta City,Mobod,Widowed
7000980,801004,Sarah,D,Pierce,,1967-03-21,Region X,Misamis Occidental,Tangub City,Poblacion,Separated
7000981,801004,Ashley,V,Sanchez,,1960-10-05,Region X,Misamis Occidental,Tangub City,Poblacion,Widowed
7000982,801004,Emily,,Rasmussen,,2002-10-07,Region X,Misamis Occidental,Ozamiz City,Baybay San Roque,Married
7000983,801004,Susan,,Hall,,1988-11-06,Region X,Misamis Occidental,Ozamiz City,Tinago,Married
7000984,801004,Michael,L,Byrd,,2007-04-01,Region X,Misamis Occidental,Oroquieta City,Mobod,Married
7000985,801004,Thomas,M,Ross,,1969-03-14,Region X,Misamis Occidental,Oroquieta City,Dolipos Alto,Single
7000986,801004,Jonathan,J,Armstrong,,1998-03-05,Region X,Misamis Occidental,Ozamiz City,Baybay San Roque,Widowed
7000987,801004,Melanie,B,Gonzales,,2002-07-13,Region X,Misamis Occidental,Oroquieta City,Lower Lamac,Separated
7000988,801004,Sherri,B,Clark,,1993-12-12,Region X,Misamis Occidental,Oroquieta City,Taboc Norte,Widowed
7000989,801004,Cynthia,P,Salazar,,1959-12-06,Region X,Misamis Occidental,Tangub City,Poblacion,Married
7000990,801004,Leslie,A,Klein,,1975-01-06,Region X,Misamis Occidental,Oroquieta City,Mobod,Separated
7000991,801004,Jennifer,D,Orozco,,1965-11-30,Region X,Misamis Occidental,Ozamiz City,Bañadera,Separated
7000992,801004,Gloria,,Young,,1982-05-05,Region X,Misamis Occidental,Oroquieta City,Lower Lamac,Single
7000993,801004,Sally,,Preston,,1991-02-12,Region X,Misamis Occidental,Oroquieta City,Mobod,Widowed
7000994,801004,Heather,D,Guerrero,,1990-10-11,Region X,Misamis Occidental,Oroquieta City,Taboc Norte,Separated
7000995,801004,Jamie,B,Lowe,Jr.,1985-12-06,Region X,Misamis Occidental,Tangub City,Lorenzo Tan,Married
7000996,801004,Patrick,D,Lynn,,1981-07-01,Region X,Misamis Occidental,Ozamiz City,Baybay San Roque,Single
7000997,801004,Andrea,,Hayes,,1969-05-05,Region X,Misamis Occidental,Ozamiz City,Bañadera,Married
7000998,801004,Anthony,W,Vasquez,,1982-12-11,Region X,Misamis Occidental,Oroquieta City,Taboc Norte,Single
7000999,801004,Alyssa,T,West,,1991-01-06,Region X,Misamis Occidental,Oroquieta City,Lower Lamac,Separated
7001000,801004,Christina,M,Rosales,,2006-09-18,Region X,Misamis Occidental,Ozamiz City,Tinago,Single
7001001,801004,Hannah,C,Robinson,,1969-10-06,Region X,Misamis Occidental,Oroquieta City,Taboc Norte,Widowed
7001002,801004,Justin,K,Kelley,,1956-09-16,Region X,Misamis Occidental,Ozamiz City,Baybay San Roque,Married
7001003,801004,Thomas,D,Quinn,,1986-11-03,Region X,Misamis Occidental,Ozamiz City,Baybay San Roque,Widowed
7001004,801004,Jessica,C,Wiley,,1963-02-14,Region X,Misamis Occidental,Tangub City,Poblacion,Widowed
7001005,801004,Mary,M,Wilkerson,,1978-05-22,Region X,Misamis Occidental,Ozamiz City,Aguada,Separated
7001006,801004,Christopher,D,Crosby,,1999-07-13,Region X,Misamis Occidental,Oroquieta City,Dolipos Alto,Separated
7001007,801004,Michael,M,Ryan,,1984-06-06,Region X,Misamis Occidental,Oroquieta City,Taboc Norte,Separated
7001008,801004,Tara,G,Lewis,,1972-07-15,Region X,Misamis Occidental,Ozamiz City,Aguada,Widowed
7001009,801004,Eric,S,Miller,,2007-08-10,Region X,Misamis Occidental,Tangub City,Poblacion,Widowed
7001010,801004,Leslie,L,Nelson,Sr.,1963-12-16,Region X,Misamis Occidental,Oroquieta City,Mobod,Single
7001011,801004,Maria,,Kerr,,1976-12-02,Region X,Misamis Occidental,Tangub City,Lorenzo Tan,Separated
7001012,801004,Justin,M,Silva,,1995-07-20,Region X,Misamis Occidental,Ozamiz City,Baybay San Roque,Separated
7001013,801004,Ashley,D,Brooks,,1993-01-19,Region X,Misamis Occidental,Tangub City,Lorenzo Tan,Married
7001014,801004,Brianna,C,Acosta,,1975-01-22,Region X,Misamis Occidental,Oroquieta City,Taboc Norte,Widowed
7001015,801004,Joseph,D,Cobb,,1998-08-07,Region X,Misamis Occidental,Oroquieta City,Taboc Norte,Separated
7001016,801004,Alex,M,Stokes,,2000-05-07,Region X,Misamis Occidental,Ozamiz City,Bañadera,Separated
7001017,801004,Stephanie,K,Bowers,,2006-07-18,Region X,Misamis Occidental,Oroquieta City,Lower Lamac,Widowed
7001018,801004,Erika,G,Peterson,,1983-04-26,Region X,Misamis Occidental,Tangub City,Maloro,Widowed
7001019,801004,Jason,J,Moore,,1961-04-03,Region X,Misamis Occidental,Oroquieta City,Mobod,Married
7001020,801004,Jennifer,W,Henderson,Sr.,1976-03-29,Region X,Misamis Occidental,Oroquieta City,Dolipos Alto,Separated
7001021,801004,Brett,K,Reed,,1989-09-19,Region X,Misamis Occidental,Tangub City,Lorenzo Tan,Widowed
7001022,801004,Nathan,,Ward,,1994-05-28,Region X,Misamis Occidental,Oroquieta City,Taboc Norte,Single
7001023,801004,Jody,R,Vega,,1971-07-14,Region X,Misamis Occidental,Ozamiz City,Baybay San Roque,Single
7001024,801004,Christina,K,Leach,,1997-02-10,Region X,Misamis Occidental,Ozamiz City,Bañadera,Widowed
7001025,801004,Mariah,C,Chapman,,1993-10-25,Region X,Misamis Occidental,Oroquieta City,Mobod,Married
7001026,801004,Angela,A,Nelson,,2003-11-30,Region X,Misamis Occidental,Ozamiz City,Baybay San Roque,Widowed
7001027,801004,Lance,,Potter,,1972-05-21,Region X,Misamis Occidental,Tangub City,Lorenzo Tan,Single
7001028,801004,Ashley,J,Harrison,,1994-03-17,Region X,Misamis Occidental,Tangub City,Mantic,Separated
7001029,801004,Julie,C,Martin,,1960-05-31,Region X,Misamis Occidental,Oroquieta City,Mobod,Single
7001030,801004,Willie,E,Hernandez,,1973-12-02,Region X,Misamis Occidental,Oroquieta City,Dolipos Alto,Married
7001031,801004,Michelle,M,Thompson,,1965-02-14,Region X,Misamis Occidental,Oroquieta City,Lower Lamac,Married
7001032,801004,Mathew,M,Lewis,,1977-11-29,Region X,Misamis Occidental,Ozamiz City,Baybay San Roque,Widowed
7001033,801004,Madeline,,Moore,,1956-11-01,Region X,Misamis Occidental,Ozamiz City,Bañadera,Married
7001034,801004,Daryl,T,Richards,,1958-01-16,Region X,Misamis Occidental,Ozamiz City,Baybay San Roque,Widowed
7001035,801004,Rachel,T,Johnson,,2000-07-30,Region X,Misamis Occidental,Ozamiz City,Tinago,Married
7001036,801004,Cesar,C,Kim,,1996-12-06,Region X,Misamis Occidental,Oroquieta City,Taboc Norte,Widowed
7001037,801004,Alexa,C,Torres,,1983-11-27,Region X,Misamis Occidental,Ozamiz City,Baybay San Roque,Single
7001038,801004,Bruce,,Nicholson,,1974-07-30,Region X,Misamis Occidental,Tangub City,Poblacion,Single
7001039,801004,James,S,Gutierrez,,1969-05-14,Region X,Misamis Occidental,Oroquieta City,Lower Lamac,Widowed
7001040,801004,Brian,M,Reed,,2001-07-15,Region X,Misamis Occidental,Ozamiz City,Bañadera,Married
7001041,801004,Lisa,R,Becker,,1994-12-31,Region X,Misamis Occidental,Ozamiz City,Aguada,Married
7001042,801004,Emily,P,Reed,,2002-09-28,Region X,Misamis Occidental,Ozamiz City,Tinago,Married
7001043,801004,Brianna,G,Bond,Jr.,1992-11-27,Region X,Misamis Occidental,Tangub City,Poblacion,Married
7001044,801004,Michelle,A,Armstrong,,1964-10-28,Region X,Misamis Occidental,Ozamiz City,Tinago,Married
7001045,801004,Theresa,J,Medina,,1968-10-16,Region X,Misamis Occidental,Oroquieta City,Dolipos Alto,Separated
7001046,801004,Debra,B,Kelly,,1968-01-17,Region X,Misamis Occidental,Ozamiz City,Tinago,Widowed
7001047,801004,Christine,D,Chung,,1971-09-27,Region X,Misamis Occidental,Ozamiz City,Bañadera,Married
7001048,801004,Dave,M,Burke,,1977-07-15,Region X,Misamis Occidental,Ozamiz City,Tinago,Separated
7001049,801004,Hailey,E,Ponce,,1968-09-22,Region X,Misamis Occidental,Oroquieta City,Taboc Norte,Widowed
7001050,801004,Jesse,E,Miller,,1966-08-25,Region X,Misamis Occidental,Oroquieta City,Dolipos Alto,Single
7001051,801004,Cindy,J,Acosta,,1992-12-21,Region X,Misamis Occidental,Tangub City,Mantic,Separated
7001052,801004,Christina,,Weaver,,1965-12-25,Region X,Misamis Occidental,Ozamiz City,Baybay San Roque,Married
7001053,801004,Samantha,L,Garcia,,1964-10-07,Region X,Misamis Occidental,Tangub City,Lorenzo Tan,Single
7001054,801004,Jason,R,Alvarez,,1996-07-19,Region X,Misamis Occidental,Ozamiz City,Aguada,Married
7001055,801004,Amanda,J,Blanchard,,1993-04-09,Region X,Misamis Occidental,Tangub City,Mantic,Single
7001056,801004,Gina,A,Ruiz,Sr.,1971-03-05,Region X,Misamis Occidental,Ozamiz City,Baybay San Roque,Married
7001057,801004,Kimberly,D,Mitchell,,1994-08-17,Region X,Misamis Occidental,Oroquieta City,Mobod,Separated
7001058,801004,Kristin,T,Rodriguez,,1984-10-18,Region X,Misamis Occidental,Oroquieta City,Lower Lamac,Married
7001059,801004,Kyle,T,Hardy,,1980-12-15,Region X,Misamis Occidental,Oroquieta City,Lower Lamac,Single
7001060,801004,Maria,A,Stephens,III,1983-08-29,Region X,Misamis Occidental,Ozamiz City,Bañadera,Widowed
7001061,801004,Megan,A,Calderon,,1985-09-20,Region X,Misamis Occidental,Ozamiz City,Tinago,Widowed
7001062,801004,Ronald,A,Oconnor,,1997-02-23,Region X,Misamis Occidental,Ozamiz City,Bañadera,Widowed
7001063,801004,Kevin,M,Hoffman,,1976-04-09,Region X,Misamis Occidental,Tangub City,Poblacion,Married
7001064,801004,Henry,M,Schaefer,,1958-07-09,Region X,Misamis Occidental,Oroquieta City,Dolipos Alto,Separated
7001065,801004,Candice,S,Flores,,2003-05-10,Region X,Misamis Occidental,Ozamiz City,Aguada,Widowed
7001066,801004,Robert,A,Potter,Sr.,1978-11-01,Region X,Misamis Occidental,Oroquieta City,Lower Lamac,Married
7001067,801004,Michael,B,Braun,,1976-07-12,Region X,Misamis Occidental,Tangub City,Poblacion,Married
7001068,801004,Cathy,J,Schultz,,1956-09-10,Region X,Misamis Occidental,Tangub City,Maloro,Separated
7001069,801004,Patricia,T,Lewis,,1985-09-17,Region X,Misamis Occidental,Oroquieta City,Dolipos Alto,Separated
7001070,801004,Monica,,Bass,,1957-06-24,Region X,Misamis Occidental,Tangub City,Lorenzo Tan,Widowed
7001071,801004,Joseph,C,Montoya,Jr.,1990-11-01,Region X,Misamis Occidental,Oroquieta City,Lower Lamac,Single
7001072,801004,Steven,R,Wang,,1976-11-02,Region X,Misamis Occidental,Ozamiz City,Tinago,Single
7001073,801004,Paige,P,Roberts,,1971-12-07,Region X,Misamis Occidental,Ozamiz City,Baybay San Roque,Married
7001074,801004,Sara,,Oliver,,2005-06-09,Region X,Misamis Occidental,Oroquieta City,Taboc Norte,Widowed
7001075,801004,Pamela,M,Morris,,1961-12-03,Region X,Misamis Occidental,Tangub City,Mantic,Single
7001076,801004,Charles,T,Thomas,III,1956-10-10,Region X,Misamis Occidental,Oroquieta City,Dolipos Alto,Single
7001077,801004,Sarah,M,Nelson,,1962-07-27,Region X,Misamis Occidental,Oroquieta City,Mobod,Married
7001078,801004,Mary,M,Hill,,1993-10-13,Region X,Misamis Occidental,Oroquieta City,Dolipos Alto,Married
7001079,801004,Jeremiah,S,Rivera,,1996-08-03,Region X,Misamis Occidental,Tangub City,Poblacion,Widowed
7001080,801004,Kevin,M,Boyer,,1968-06-29,Region X,Misamis Occidental,Tangub City,Poblacion,Married
7001081,801004,Brian,,Miles,,1964-04-05,Region X,Misamis Occidental,Tangub City,Mantic,Single
7001082,801004,Stephanie,B,Tucker,,1982-07-12,Region X,Misamis Occidental,Oroquieta City,Mobod,Married
7001083,801004,Timothy,C,Smith,,1978-03-15,Region X,Misamis Occidental,Oroquieta City,Mobod,Widowed
7001084,801004,Michael,J,Warren,,1999-11-07,Region X,Misamis Occidental,Ozamiz City,Bañadera,Separated
7001085,801004,Andrea,A,Snyder,,1976-04-29,Region X,Misamis Occidental,Oroquieta City,Mobod,Separated
7001086,801004,Erin,T,Baldwin,,1983-09-30,Region X,Misamis Occidental,Oroquieta City,Taboc Norte,Single
7001087,801004,Aaron,V,Reed,,1998-10-04,Region X,Misamis Occidental,Oroquieta City,Lower Lamac,Widowed
7001088,801004,Chelsea,C,Turner,,1971-07-19,Region X,Misamis Occidental,Tangub City,Mantic,Single
7001089,801004,Theresa,T,Meadows,,1981-10-26,Region X,Misamis Occidental,Ozamiz City,Baybay San Roque,Widowed
7001090,801004,Brian,R,Oconnor,,2005-08-03,Region X,Misamis Occidental,Oroquieta City,Lower Lamac,Separated
7001091,801004,Todd,C,Price,,1970-12-31,Region X,Misamis Occidental,Oroquieta City,Lower Lamac,Separated
7001092,801004,Stephanie,V,Michael,,1991-12-11,Region X,Misamis Occidental,Tangub City,Maloro,Married
7001093,801004,Brian,K,Mitchell,,1970-04-19,Region X,Misamis Occidental,Ozamiz City,Tinago,Separated
7001094,801004,Richard,S,Johnston,,1966-07-18,Region X,Misamis Occidental,Ozamiz City,Bañadera,Separated
7001095,801004,Brittany,M,Anderson,,1998-12-03,Region X,Misamis Occidental,Ozamiz City,Baybay San Roque,Separated
7001096,801004,Kelly,T,Collins,,1970-06-25,Region X,Misamis Occidental,Ozamiz City,Tinago,Widowed
7001097,801004,Erica,K,Hudson,,2005-12-24,Region X,Misamis Occidental,Oroquieta City,Taboc Norte,Separated
7001098,801004,Jeremy,S,Cunningham,,1960-02-20,Region X,Misamis Occidental,Ozamiz City,Bañadera,Widowed
7001099,801004,Joseph,L,Beard,,1967-11-11,Region X,Misamis Occidental,Ozamiz City,Tinago,Separated
7001100,801004,Brian,S,Underwood,,2000-08-25,Region X,Misamis Occidental,Oroquieta City,Taboc Norte,Single
7001101,801004,David,Y,Mcdaniel,,2002-03-08,Region X,Misamis Occidental,Tangub City,Maloro,Married
7001102,801004,Meghan,J,Delacruz,,1961-04-10,Region X,Misamis Occidental,Oroquieta City,Dolipos Alto,Single
7001103,801004,John,C,Carlson,,1960-07-20,Region X,Misamis Occidental,Oroquieta City,Dolipos Alto,Widowed
7001104,801004,Rachel,T,Stephenson,,1994-06-03,Region X,Misamis Occidental,Ozamiz City,Tinago,Separated
7001105,801004,Kathleen,,Hall,,1987-06-30,Region X,Misamis Occidental,Oroquieta City,Dolipos Alto,Married
7001106,801004,Jorge,C,Hall,,1980-12-04,Region X,Misamis Occidental,Oroquieta City,Lower Lamac,Widowed
7001107,801004,Brian,C,Lopez,,1957-01-13,Region X,Misamis Occidental,Ozamiz City,Aguada,Separated
7001108,801004,Sarah,J,Wolf,,1972-04-27,Region X,Misamis Occidental,Ozamiz City,Bañadera,Separated
7001109,801004,Melissa,,Zamora,,1981-06-13,Region X,Misamis Occidental,Ozamiz City,Baybay San Roque,Widowed
7001110,801004,Martin,N,Young,,1995-12-04,Region X,Misamis Occidental,Ozamiz City,Aguada,Widowed
7001111,801004,Richard,M,Rodriguez,,1962-03-06,Region X,Misamis Occidental,Oroquieta City,Lower Lamac,Widowed
7001112,801004,Stephen,J,Henderson,,1999-08-10,Region X,Misamis Occidental,Ozamiz City,Aguada,Single
7001113,801004,Annette,,Patrick,,1992-09-14,Region X,Misamis Occidental,Ozamiz City,Aguada,Single
7001114,801004,Kelly,J,Cisneros,Sr.,1973-01-27,Region X,Misamis Occidental,Oroquieta City,Mobod,Widowed
7001115,801004,Holly,R,Webb,Sr.,1968-08-13,Region X,Misamis Occidental,Ozamiz City,Bañadera,Separated
7001116,801004,Kelly,J,Brown,,1963-07-12,Region X,Misamis Occidental,Ozamiz City,Baybay San Roque,Married
7001117,801004,Brandon,R,Randolph,,1997-11-21,Region X,Misamis Occidental,Ozamiz City,Tinago,Married
7001118,801004,Susan,K,Moreno,,1977-12-17,Region X,Misamis Occidental,Oroquieta City,Mobod,Widowed
7001119,801004,Rachel,A,Crawford,,1970-11-22,Region X,Misamis Occidental,Ozamiz City,Bañadera,Separated
7001120,801004,Karen,J,Garrett,,2000-11-26,Region X,Misamis Occidental,Tangub City,Poblacion,Widowed
7001121,801004,Kim,J,Miller,,1973-06-16,Region X,Misamis Occidental,Tangub City,Maloro,Separated
7001122,801004,Christine,,Bentley,,1976-06-07,Region X,Misamis Occidental,Tangub City,Poblacion,Single
7001123,801004,Deborah,L,Adams,,1962-01-17,Region X,Misamis Occidental,Tangub City,Poblacion,Widowed
7001124,801004,Amber,A,Ryan,,2004-09-21,Region X,Misamis Occidental,Oroquieta City,Taboc Norte,Separated
7001125,801004,Matthew,R,Petersen,,2005-09-27,Region X,Misamis Occidental,Tangub City,Mantic,Widowed
7001126,801004,Yolanda,S,Oconnor,,1956-07-19,Region X,Misamis Occidental,Oroquieta City,Dolipos Alto,Single
7001127,801004,Spencer,R,Frederick,,2005-01-28,Region X,Misamis Occidental,Ozamiz City,Aguada,Widowed
7001128,801004,Michelle,J,Ward,,2001-02-06,Region X,Misamis Occidental,Tangub City,Mantic,Widowed
7001129,801004,Alyssa,A,Avila,,1999-11-17,Region X,Misamis Occidental,Ozamiz City,Tinago,Married
7001130,801004,Justin,J,Wilson,Sr.,1962-10-03,Region X,Misamis Occidental,Oroquieta City,Taboc Norte,Single
7001131,801004,Jose,J,Gillespie,,1964-02-06,Region X,Misamis Occidental,Tangub City,Lorenzo Tan,Married
7001132,801004,Carla,S,Nelson,,1959-04-08,Region X,Misamis Occidental,Tangub City,Lorenzo Tan,Separated
7001133,801004,Ryan,A,Davis,,2007-04-11,Region X,Misamis Occidental,Oroquieta City,Lower Lamac,Widowed
7001134,801004,Rebecca,S,Ramos,,1980-01-18,Region X,Misamis Occidental,Ozamiz City,Baybay San Roque,Married
7001135,801004,Denise,T,Pittman,,1992-08-17,Region X,Misamis Occidental,Tangub City,Poblacion,Widowed
7001136,801004,Curtis,J,Carrillo,,1973-04-28,Region X,Misamis Occidental,Ozamiz City,Tinago,Single
7001137,801004,Kelly,T,Coffey,,1985-11-02,Region X,Misamis Occidental,Tangub City,Maloro,Married
7001138,801004,Joseph,M,Perez,,1974-05-18,Region X,Misamis Occidental,Tangub City,Poblacion,Single
7001139,801004,Robin,M,Thomas,,1960-11-30,Region X,Misamis Occidental,Tangub City,Lorenzo Tan,Separated
7001140,801004,Maureen,S,Knight,,1964-07-26,Region X,Misamis Occidental,Ozamiz City,Bañadera,Single
7001141,801004,Courtney,K,Ellis,,1967-02-16,Region X,Misamis Occidental,Tangub City,Maloro,Married
7001142,801004,Maxwell,J,Brown,,1968-01-10,Region X,Misamis Occidental,Ozamiz City,Bañadera,Widowed
7001143,801004,Sherry,V,Wang,,2000-01-17,Region X,Misamis Occidental,Oroquieta City,Mobod,Single
7001144,801004,Yesenia,B,Lane,,1972-04-11,Region X,Misamis Occidental,Tangub City,Lorenzo Tan,Single
7001145,801004,Breanna,W,Howell,,1977-09-05,Region X,Misamis Occidental,Oroquieta City,Mobod,Married
7001146,801004,Patrick,B,Cooper,,1986-04-07,Region X,Misamis Occidental,Tangub City,Maloro,Separated
7001147,801004,Sandra,,Vargas,,1973-05-31,Region X,Misamis Occidental,Oroquieta City,Taboc Norte,Married
7001148,801004,Charlene,,Garcia,,1963-04-08,Region X,Misamis Occidental,Ozamiz City,Aguada,Married
7001149,801004,Brian,B,Williams,,1969-11-04,Region X,Misamis Occidental,Tangub City,Poblacion,Widowed
7001150,801004,David,K,Sampson,,1960-09-21,Region X,Misamis Occidental,Oroquieta City,Taboc Norte,Married
7001151,801004,Brian,E,Williams,III,1997-09-09,Region X,Misamis Occidental,Oroquieta City,Lower Lamac,Married
7001152,801004,Christopher,N,Atkins,,2000-12-13,Region X,Misamis Occidental,Oroquieta City,Dolipos Alto,Widowed
7001153,801004,Gerald,B,Hansen,,1957-08-18,Region X,Misamis Occidental,Ozamiz City,Aguada,Widowed
7001154,801004,Pamela,J,Berry,,1966-04-28,Region X,Misamis Occidental,Tangub City,Lorenzo Tan,Single
7001155,801004,Matthew,A,Bates,,1960-12-14,Region X,Misamis Occidental,Tangub City,Maloro,Widowed
7001156,801004,Melissa,M,Thompson,,1960-11-25,Region X,Misamis Occidental,Oroquieta City,Lower Lamac,Single
7001157,801004,Michael,K,Smith,,1965-05-14,Region X,Misamis Occidental,Oroquieta City,Taboc Norte,Single
7001158,801004,John,K,Smith,,2004-02-23,Region X,Misamis Occidental,Ozamiz City,Baybay San Roque,Single
7001159,801004,Jessica,E,Walker,,1983-10-02,Region X,Misamis Occidental,Ozamiz City,Bañadera,Married
7001160,801004,Cody,M,Austin,,1975-03-19,Region X,Misamis Occidental,Oroquieta City,Lower Lamac,Single
7001161,801004,Jason,,Villarreal,,1986-11-20,Region X,Misamis Occidental,Ozamiz City,Aguada,Married
7001162,801004,Jo,,Atkinson,,1983-10-31,Region X,Misamis Occidental,Oroquieta City,Mobod,Married
7001163,801004,Jerry,C,Maldonado,,1994-08-14,Region X,Misamis Occidental,Oroquieta City,Lower Lamac,Single
7001164,801004,David,J,Jackson,,1970-09-15,Region X,Misamis Occidental,Oroquieta City,Dolipos Alto,Single
7001165,801004,Jeffrey,S,Roberts,,1983-03-25,Region X,Misamis Occidental,Ozamiz City,Aguada,Widowed
7001166,801004,Fred,J,Hubbard,,1995-04-11,Region X,Misamis Occidental,Ozamiz City,Baybay San Roque,Married
7001167,801004,Martin,F,Nichols,,1991-07-06,Region X,Misamis Occidental,Oroquieta City,Lower Lamac,Separated
7001168,801004,Daniel,,Clark,,1964-03-27,Region X,Misamis Occidental,Oroquieta City,Lower Lamac,Separated
7001169,801004,Melanie,A,Wilkins,,1993-04-26,Region X,Misamis Occidental,Ozamiz City,Aguada,Separated
7001170,801004,Anthony,B,Blankenship,,1968-07-12,Region X,Misamis Occidental,Tangub City,Maloro,Widowed
7001171,801004,Natalie,J,Knapp,,1970-03-29,Region X,Misamis Occidental,Tangub City,Poblacion,Widowed
7001172,801004,Lisa,J,Oconnor,,1971-07-29,Region X,Misamis Occidental,Ozamiz City,Baybay San Roque,Widowed
7001173,801004,Rachel,R,Perry,,1956-03-07,Region X,Misamis Occidental,Tangub City,Mantic,Separated
7001174,801004,Paul,P,Myers,,1999-02-20,Region X,Misamis Occidental,Ozamiz City,Aguada,Married
7001175,801004,Fernando,M,Le,,1972-05-09,Region X,Misamis Occidental,Ozamiz City,Tinago,Separated
7001176,801004,Kyle,J,Meyer,,1968-02-29,Region X,Misamis Occidental,Ozamiz City,Aguada,Widowed
7001177,801004,Deborah,T,Moore,,1988-04-18,Region X,Misamis Occidental,Tangub City,Lorenzo Tan,Separated
7001178,801004,Ricky,D,Watson,Sr.,1999-09-14,Region X,Misamis Occidental,Oroquieta City,Dolipos Alto,Separated
7001179,801004,Robert,B,Wolf,III,1957-01-24,Region X,Misamis Occidental,Ozamiz City,Aguada,Single
7001180,801004,Alexis,,Roth,,1977-10-01,Region X,Misamis Occidental,Oroquieta City,Lower Lamac,Widowed
7001181,801004,Ryan,S,Sampson,,2003-02-23,Region X,Misamis Occidental,Oroquieta City,Dolipos Alto,Married
7001182,801004,Cynthia,K,Cruz,Jr.,1988-02-25,Region X,Misamis Occidental,Ozamiz City,Bañadera,Widowed
7001183,801004,David,D,Ewing,Jr.,1961-12-07,Region X,Misamis Occidental,Ozamiz City,Baybay San Roque,Single
7001184,801004,Kimberly,K,Lyons,,1960-10-29,Region X,Misamis Occidental,Ozamiz City,Tinago,Single
7001185,801004,Russell,B,Mckay,,1966-10-18,Region X,Misamis Occidental,Oroquieta City,Taboc Norte,Widowed
7001186,801004,Julie,S,Morgan,,1990-05-17,Region X,Misamis Occidental,Tangub City,Poblacion,Married
7001187,801004,Tammy,A,Roberts,,1978-03-04,Region X,Misamis Occidental,Ozamiz City,Baybay San Roque,Widowed
7001188,801004,Margaret,P,Smith,,2000-07-28,Region X,Misamis Occidental,Tangub City,Poblacion,Single
7001189,801004,Jacqueline,J,Williams,,1972-12-09,Region X,Misamis Occidental,Ozamiz City,Bañadera,Widowed
7001190,801004,Rachel,A,Avery,,1986-08-24,Region X,Misamis Occidental,Tangub City,Lorenzo Tan,Married
7001191,801004,Kenneth,,White,,1971-11-06,Region X,Misamis Occidental,Tangub City,Mantic,Separated
7001192,801004,Matthew,J,Higgins,,1992-08-18,Region X,Misamis Occidental,Oroquieta City,Mobod,Separated
7001193,801004,Erica,L,Ross,,1961-12-12,Region X,Misamis Occidental,Tangub City,Poblacion,Widowed
7001194,801004,Corey,L,Woodward,,1999-07-15,Region X,Misamis Occidental,Tangub City,Poblacion,Separated
7001195,801004,Christina,M,Hess,,1983-09-10,Region X,Misamis Occidental,Tangub City,Maloro,Widowed
7001196,801004,Zachary,E,Howard,,1957-07-09,Region X,Misamis Occidental,Oroquieta City,Mobod,Widowed
7001197,801004,Melissa,A,Davis,,1997-01-03,Region X,Misamis Occidental,Ozamiz City,Baybay San Roque,Married
7001198,801004,Holly,R,Green,,1961-09-06,Region X,Misamis Occidental,Tangub City,Maloro,Single
7001199,801004,Omar,C,Gutierrez,,1988-12-26,Region X,Misamis Occidental,Tangub City,Poblacion,Separated
7009960,801004,Jacob,A,Schultz,,1975-11-28,Region X,Misamis Occidental,Ozamiz City,Aguada,Widowed
7037852,801004,Jose,M,Chung,,1956-08-15,Region X,Misamis Occidental,Tangub City,Maloro,Married
7059913,801004,Robert,A,Potter,Sr.,1978-11-01,Region X,Misamis Occidental,Oroquieta City,Lower Lamac,Married
7066052,801004,Sarah,J,Wolf,,1972-04-27,Region X,Misamis Occidental,Ozamiz City,Bañadera,Separated
7088540,801004,Daniel,V,Kelley,III,1980-12-07,Region X,Misamis Occidental,Ozamiz City,Bañadera,Widowed
7087148,801004,Ryan,G,Smith,,1993-09-10,Region X,Misamis Occidental,Tangub City,Maloro,Separated
7074459,801004,Lauren,C,Miller,,1971-12-27,Region X,Misamis Occidental,Oroquieta City,Mobod,Single
7022421,801004,Alexis,V,Mann,,1961-05-10,Region X,Misamis Occidental,Oroquieta City,Lower Lamac,Single
7071660,801004,Claudia,,Murphy,Sr.,1976-06-10,Region X,Misamis Occidental,Tangub City,Maloro,Married
7036180,801004,Veronica,G,White,,2000-04-18,Region X,Misamis Occidental,Ozamiz City,Aguada,Single
7044506,801004,Shannon,H,Young,,1961-06-15,Region X,Misamis Occidental,Oroquieta City,Taboc Norte,Married
7060941,801004,Allison,J,Roberts,,2006-08-22,Region X,Misamis Occidental,Ozamiz City,Bañadera,Single
7045012,801004,Rebecca,,Waller,,1990-05-28,Region X,Misamis Occidental,Tangub City,Mantic,Separated
7076827,801004,Maria,,Kerr,,1976-12-02,Region X,Misamis Occidental,Tangub City,Lorenzo Tan,Separated
7016442,801004,Michael,R,Gilmore,III,1964-12-05,Region X,Misamis Occidental,Oroquieta City,Taboc Norte,Separated
7008290,801004,Coda,M,Austin,,1975-03-19,Region X,Misamis Occidental,Oroquieta City,Lower Lamac,Single
7094161,801004,Curtis,,Thmas,III,1971-09-05,Region X,Misamis Occidental,Tangub City,Poblacion,Single
7051584,801004,Alyssa,T,Wst,,,Region X,Misamis Occidental,Oroquieta City,Lower Lamac,Separated
7075026,801004,Natalie,J,Madden,,1962-08-01,Region X,Misamis Occidental,Tangub City,Poblacion,Separated
7005942,801004,Michael,M,Hyden,,1997-03-25,Region X,Misamis Occidental,Tangub City,Maloro,Single
7024060,801004,Samanthu,G,Carr,,1990-04-20,Region X,Misamis Occidental,Ozamiz City,Aguada,Separated
7003857,801004,Davii,,Johnson,,1983-01-07,Region X,Misamis Occidental,Tangub City,Lorenzo Tan,Separated
7051513,801004,Christina,D,Pul,,2005-03-07,Region X,Misamis Occidental,Oroquieta City,Lower Lamac,Widowed
7058358,801004,Scotu,M,Horn,,1960-01-15,Region X,Misamis Occidental,Ozamiz City,Baybay San Roque,Separated
7072381,801004,William,D,Jhnson,,1983-04-15,Region X,Misamis Occidental,Oroquieta City,Mobod,Single
7090781,801004,David,A,Bll,,1988-11-29,Region X,Misamis Occidental,Tangub City,Mantic,Married
7024172,801004,Ashley,A,Le,,2001-02-25,Region X,Misamis Occidental,Tangub City,Lorenzo Tan,Single
7012178,801004,Kristen,R,L,Jr.,1964-01-21,Region X,Misamis Occidental,Oroquieta City,Lower Lamac,Married
7021197,801004,Michaea,J,Weber,,1958-05-14,Region X,Misamis Occidental,Tangub City,Mantic,Widowed
7029947,801004,Michelle,M,Bwen,,1987-07-10,Region X,Misamis Occidental,Oroquieta City,Lower Lamac,Single
7063873,801004,Carloe,M,Ward,,1973-05-21,Region X,Misamis Occidental,Tangub City,Lorenzo Tan,Married
7026408,801004,Kella,T,Lopez,,1983-10-31,Region X,Misamis Occidental,Oroquieta City,Lower Lamac,Widowed
7022517,801004,Bruce,,Ncholson,,1974-07-30,Region X,Misamis Occidental,Tangub City,Poblacion,Single
7002472,801004,Mattheo,R,Petersen,,2005-09-27,Region X,Misamis Occidental,Tangub City,Mantic,Widowed
7002352,801004,Carloa,,Ward,,1973-05-21,Region X,Misamis Occidental,Tangub City,Lorenzo Tan,Married
7573474,801004,Juan,L,Dela Cruz,Jr.,1990-07-15,Region X,Misamis Occidental,Oroquieta City,Taboc Norte,Married
7640988,801004,Maria,,Santos,III,1985-03-10,Region X,Misamis Occidental,Oroquieta City,Lower Lamac,Married
5523521,801004,Jose,,Reyes,Sr.,1979-12-01,Region X,Misamis Occidental,Oroquieta City,Dolipos Alto,Married
8195628,801004,Ana,S,Gonzales,Jr.,1992-05-23,Region X,Misamis Occidental,Tangub City,Maloro,Separated
